URL	Notes	Camp Name	State	Target Group (Women, Ethnic Minorities, Low Income, N/A)	Theme (Game Design, Art, Programming, VR, App Dev, Web Dev, Minecraft, Robotics, More Than One, Other 	Language of Instruction	Cost (list costs, and ranges seperated by commas) or Unknown	Target age group	Length (Overnight, Full, Half, # of days) or Unknown	Scholarships (Yes, No, Unknown)
http://fun4firstcoastkids.com/Camps/Science-and-Tech-Camps/Bolles-App-Inventer-Summer-Camp/View-details		Bolles App Inventer Summer Camp	Florida	N/A	App Dev	App Inventor	$450	9,10,11,12	5	U
http://i2camp.org/explore-camp-courses/		App Inventor	Massachusetts, New York, California, Connecticut, New Jersey	N/A	App Dev	App Inventor	$850	10,11,12,13	5	U
http://www.memphis.edu/cristal/stem_opportunities/k12students.php		Beginner/  Intermediate Code Crew	Tennessee 	N/A	App Dev	App Inventor	$10	10,11,12,13,14	30	U
http://www.utdallas.edu/k12/summer/		Mobile Apps using MIT App Inventor	Texas	N/A	App Dev	App Inventor	$250	11,12,13	5	U
http://campedmo.org/programs/minecraft-redstone-engineering/		App Inventor	California	N/A	App Dev	App Inventor, Scratch	$549	10,11,12,13	5	Y
http://www.ccbcmd.edu/~/media/CCBC/Programs%20and%20Courses/Life%20Enrichment/Kids/PDFs/summercamps.ashx?la=en		App Adventures: The Next Level	Maryland	N/A	App Dev	HTML	$199	12,13,14,15	Half, 5	U
http://www.ccbcmd.edu/~/media/CCBC/Programs%20and%20Courses/Life%20Enrichment/Kids/PDFs/summercamps.ashx?la=en		App Attack! Make Your First Game App	Maryland	N/A	App Dev	HTML5, JavaScript, and  CSS	$199	8,9,10,11,12,13,14,15	Half, 5	U
https://ivycoding.com/technology-camps/saturday-coding-summer-camp-middle-school/		Ivy Coding Tech Summer Camp	Georgia	N/A	App Dev	Python	$350 week	11,12,13	41	U
http://www.ctd.northwestern.edu/program/solstice	Solstice camp hosted by Northwestern University	Android Applications & Computer Programming	Illinois	N/A	App Dev	Scratch, Alice, Snap, App Inventor	$2,720	9,10,11	10	U
http://www.oxbridgeprograms.com/	The Oxford Prep Experience	Computer Science and App Design	United Kingdom	N/A	App Dev	Unknown	$7,995	13,14	20	Y
http://www.smu.edu/CAPE/SummerYouth	SMU Continuing And Professional Education (CAPE)	App Adventures	Texas	N/A	App Dev	Unknown	$199	11,12,13	Half, 5	U
http://www.smu.edu/CAPE/SummerYouth	SMU Continuing And Professional Education (CAPE)	App Attack! Make your First App	Texas	N/A	App Dev	Unknown	$199	11,12,13	Half, 5	U
https://www.einsteinsworkshop.com/component/eventbooking/summer-camps/designing-android-app-summer		Designing Your First App: Making Games for Android	Massachusettes	N/A	App Dev	Unknown	$350	11,12,13,14	Half, 5	U
http://www.linxcamps.com/SpecialtyCamps/GamingAppDesign2		LINX Gaming App Design Camp 2	Massachusetts	N/A	App Dev, Game Design	Java, HTML, Unity	$649	11,12,13	5	U
http://www.linxcamps.com/SpecialtyCamps/GamingAppDesign		LINX Gaming App Design Camp	Massachusetts	N/A	App Dev, Game Design	Scratch	$649	11, 12, 13	5	U
http://www.massacademy.org/camps.html		Computer Quest	Massachusetts	N/A	App Dev, Robotics, Game Design, Art	Unknown	$400	11,12,13	5	N
http://gnextedu.com/summer-program/summer-program-schedule/		3D Printing	New Jersey	N/A	Art	3D Printing	$1,000	11,12,13,14,15,16,17	Half, 20	U
http://hanalschool.wix.com/summer#!stem/csgz		3D Printing	New Jersey	N/A	Art	3D Printing	unknown	10,11,12,13,14,15	Half, 5	U
http://services.santabarbaraca.gov/summerfun/educraft.html	Educraft Camp	3D Printing Camp	California	N/A	Art	3D Printing	$242	10,11,12,13,14,15	Half, 5	U
https://www.einsteinsworkshop.com/component/eventbooking/summer-camps/3d-photo-summer		3D Portraits & Photogrammetry	Massachusetts	N/A	Art	3D Printing	$350	11,12,13,14	Half, 5	U
http://www.summertech.net/courses/		Film	New York	N/A	Art	Adobe	$1225/ $1800 for overnight)	10,11,12,13,14,15,16,17	Overnight, Full, 6	U
http://www.summertech.net/courses/		Animation	New York	N/A	Art	Adobe, Maya, Blender	$1225/ $1800 for overnight)	8,9,10,11,12,13,14,15,16,17	Overnight, Full, 6	U
http://programming4girls.com/about_the_workshop.html	Programming4Girls	Programming4Grils - Alice Workshop for Girls	North Carolina	Women	Art	Alice	$300	11,12,13,14	Half, 10	N
http://www.ccbcmd.edu/~/media/CCBC/Programs%20and%20Courses/Life%20Enrichment/Kids/PDFs/summercamps.ashx?la=en		ALICE 3D Programming	Maryland	N/A	Art	Alice	$165	12,13,14	Half, 5	U
http://i2camp.org/explore-camp-courses/		3D Printing	Massachusetts, New York, California, Connecticut, New Jersey	N/A	Art	CAD	$850	10,11,12,13	Full, 5	U
https://www.digitalmediaacademy.org/kid-adventure-camps/camp-courses-for-kids/adventures-in-3d-printing/		Adventures in 3D Printing	California	N/A	Art	CAD	$945	8,9,10,11,12	5	N
https://www.einsteinsworkshop.com/component/eventbooking/summer-camps/3d-prints-with-blockscad-summer		Creating 3D Prints with BlocksCAD	Massachusettes	N/A	Art	CAD, 3D Printing	$350	9,10,11,12,13	Half, 5	U
http://www.ohlone.edu/org/ohloneforkids/summer/docs/2016summerofkcatalog.pdf		Digital Storytelling Using ComicLife	California	N/A	Art	ComicLife	$110	11,12,13,14,15,16	10	U
http://www.ccbcmd.edu/~/media/CCBC/Programs%20and%20Courses/Life%20Enrichment/Kids/PDFs/summercamps.ashx?la=en		Computer Animation: Introduction to Flash	Maryland	N/A	Art	Flash	$179	12,13,14,15,16 	Half, 5	U
http://admissions.iit.edu/summer/computer-discovery-camp	Illinois Institute of Technology	Illinoise Tech Computer Discovery Camp	Illinois	Women	Art	LEGO	$75	12,13,14	8	Y
http://i2camp.org/explore-camp-courses/		Bytes and Beats: An Introduction to Programming with MATLAB	Massachusetts, New York, California, Connecticut, New Jersey	N/A	Art	MATLAB	$850	10,11,12,13	Full, 5	U
https://www.digitalmediaacademy.org/teen-summer-camps/summer-tech-camps-for-teens/3d-modeling-and-character-design-with-maya/		3D Modeling & Animation with Maya	California	N/A	Art	Maya	$1,195	12,13,14,15,16,17	5	N
http://ticcamp.com/programs/technology/animation/		Animation	Maryland	N/A	Art	Maya, Blender	$880	7,8,9,10,11,12,13,14,15	Full, 5	Y
https://www.visiontechcamps.com/3d-game-design-maya-unreal-4		3D Game Design - Level Development with Unreal Engine 4	Indiana, California	N/A	Art	Maya, Unreal Engine	$950	13,14,15,16,17	5	N
http://hanalschool.wix.com/summer#!stem/csgz		3D Animation	New Jersey	N/A	Art	Maya, ZBrush, Windows Movie Maker	unknown	10,11,12,13,14,15	Half, 5	U
http://www.codecraftlab.org/product/hack-notebook-light/	Florida Institute of Technology assoicated	Hack Your Notebook, with Ligth	Florida	N/A	Art	Minecraft	$200	7,8,9,10,11,12	4	U
http://www.ohlone.edu/org/ohloneforkids/summer/docs/2016summerofkcatalog.pdf		Digital Photography and Photoshop	California	N/A	Art	Photoshop	$110	10,11,12,13	10	Y
http://stemacademy.oregonstate.edu/middle-school-summer-camps		Creative Computing Camp	Oregon	N/A	Art	Scratch	$145	11,12,13	Half, 5	N
https://www.digitalmediaacademy.org/kid-adventure-camps/camp-courses-for-kids/adventures-in-animation		Adventures in Animation	California	N/A	Art	Toon Boom Harmony	$945	8,9,10,11,12	5	N
http://challengecamps.com/afternoon-challenge/		Computer Simulation	New York	N/A	Art	Unknown	4 week half - $1350. 4 week full - $2700, 3 week half- $1100, 3 week full- $2200	unknown	20, 40	N
http://gtcomputingoutreach.org/summerCamp.html#cgm		Computer Generated Music	Georgia	N/A	Art	Unknown	$400 with $50 high school student discount	8,9,10,11,12,13,14,15,16,17	Overnight, 7	N
http://gtcomputingoutreach.org/summerCamp.html#stop		Stop Motion Movies	Georgia	N/A	Art	Unknown	$400 with $50 high school student discount	8,9,10,11,12,13,14,15,16,17	Overnight, 7	N
http://gtcomputingoutreach.org/summerCamp.html#Wearable		Wearable Computing	Georgia	N/A	Art	Unknown	$450 with $50 high school student discount	8,9,10,11,12,13,14,15,16,17	Overnight, 7	N
http://gtcomputingoutreach.org/summerCamp.html#web	Also in Lit Review	Computer Generated Music	Georgia	N/A	Art	Unknown	$400 or $350 (HS)	5,6,7,8,9,10,11,12	5	N
http://gtcomputingoutreach.org/summerCamp.html#web	Also in Lit Review	Stop Motion Movies	Georgia	N/A	Art	Unknown	$400 or $350 (HS)	5,6,7,8,9,10,11,12	5	N
http://gtcomputingoutreach.org/summerCamp.html#web	Also in Lit Review	Wearable Computing	Georgia	N/A	Art	Unknown	$450 or $400 (HS)	5,6,7,8,9,10,11,12	5	N
http://hanalschool.wix.com/summer#!stem/csgz		3D Graphic Design	New Jersey	N/A	Art	Unknown	unknown	10,11,12,13,14,15	Half, 5	U
http://p12.ehe.osu.edu/files/2014/03/2014-OSU-camp-listings.pdf		Digital Animation: A Technology Mentoring Program for Young Women (day camp)	Ohio	Women	Art	Unknown	Free	12,13	Full, 12	U
http://stemacademy.oregonstate.edu/middle-school-summer-camps		3D Modeling & Printing Camp	Oregon	N/A	Art	Unknown	$145	12,13,14,15	Half, 5	Y
https://www.digitalmediaacademy.org/teen-summer-camps/summer-tech-camps-for-teens/academy-for-3d-modeling-and-animation-with-maya/		Academy for 3D Modeling & Animation with Maya® and Mudbox	California	N/A	Art	Maya, Mudbox	$2,395	12,13,14,15,16,17	Full, 14	N
https://www.engr.ncsu.edu/theengineeringplace/summerprograms/middle-school/raleigh.php		Girls Middle School Video Game Design Camp	North Carolina	Women	Art	Unknown	$400	11,12,13	Full, 5	Y
https://www.visiontechcamps.com/3d-printing-industrial-design		3D Printing & Engineering with Autodesk 123D 	Indiana	N/A	Art	Unknown	$890	9,10,11,12	5	N
https://www.visiontechcamps.com/adventures-engineering-camp		Adventures in Engineering & 3D Printing	Indiana	N/A	Art	Unknown	$829	7,8,9,10	5	N
p12.ehe.osu.edu/files/2015/02/2015-camp-listings_022315.pdf		Digital Animation: A Technology Mentoring Program for Young Women	Ohio	Women	Art	Unknown	Unknown	11,12,13	12	N
http://www.utdallas.edu/k12/summer/		Enjoyable Coding with Alice	Texas	N/A	Art, Programming	Alice	$250	11,12,13	5	U
https://www.coderevkids.com/tech-camps/santa-monica-courses.php		3D Modeling and Animation	California	N/A	Art, Programming	Alice	$549	10,11,12,13	5	U
http://www.utdallas.edu/k12/summer/		    Explore Coding with Art for middle school girls	Texas	Women	Art, Programming	Scratch, Alice, Java	$250	11,12,13	5	U
https://technologycouncil.com/we-build-tech/2016-we-build-tech-summer-camps/	Nashville Technology Council	Animations and Games in Java Camps	Tennessee	N/A	Art, Programming, Game Design	Java	$200	9,10,11,12,13	5	U
http://camps.mainerobotics.org/3d-design.html	Maine Robotics Camp Program	3D Design and Printing	Maine	N/A	Art, Robotics	SketchUp, CAD	$335	12,13,14,15,16	Full, 5	U
https://www.cs.utah.edu/~dejohnso/GREAT/		GREAT Summer Camp	Utah	N/A	Art, Robotics, Programming	LEGO, Processing, Alice 	unknown	11,12,13	5	Y
http://www.waketech.edu/summer-camps/3d-animation-video-games		3D Animation for Video Games	North Carolina	N/A	Game Design	3D Studio	$300	14,15,16,17	4	U
http://caj.hrsb.ca/caj/news/2016/04/01/coding-camp-summer-2016 		Mobile Game Designer	Canada	N/A	Game Design	Construct	$189-229	10,11,12,13,14	5	N
http://cscamp.cs.uri.edu/index.php	University of Rhode Island camp	Game Maker 1	Rhode Island	N/A	Game Design	GameMaker	$300	10,11,12	5	U
http://cscamp.cs.uri.edu/index.php	University of Rhode Island camp	Game Maker 2	Rhode Island	N/A 	Game Design	GameMaker	$300	10,11,12	5	U
http://www.codecraftlab.org/product/game-maker-mission-mars/	Florida Institute of Technology assoicated	Game Maker- mission to mars	Florida	N/A	Game Design	GameMaker	$200	9,10,11,12,13,14	5	U
https://www.digitalmediaacademy.org/kid-adventure-camps/camp-courses-for-kids/adventures-in-game-design-for-iphone-ipad		Adventures in Game Design for Iphone and IPad	California	N/A	Game Design	GameSalad, Adobe Photoshop	$945	8,9,10,11,12	5	N
http://www.codecraftlab.org/product/code-game-making-web/	Florida Institute of Technology assoicated	Code on! Game Making for the Web	Florida	N/A	Game Design	HTML, CSS, JavaScript	$200	10,11,12,13,14	5	U
https://www.coderevkids.com/tech-camps/santa-monica-courses.php		Modding in Minecraft Game Design	California	N/A	Game Design	Java, Minecraft	$549	10,11,12,13	5	U
https://engage.illinois.edu/entry/29374 		RPG Videogame Design - Summer 2016	Illinois	N/A	Game Design	JavaScript, HTML	$110	10,11,12,13,14,15,16,17	5	U
http://www.openworldlearning.org/camp-descriptions/		OWL Summer Tech Camp	Colorado	N/A	Game Design	MicroWorlds	$275	8,9,10,11	5	U
http://challengecamps.com/morning-programs/		1100 (three weeks)	New York	N/A	Game Design	Minecraft	$1,353	9,10,11,12,13,14	15, 20	N
http://fun4firstcoastkids.com/Camps/Science-and-Tech-Camps/Bolles-MinecraftEDU-Medieval-Redstone-Summer-Camp-Ponte-Vedra-Beach-Campus/View-details		Bolles Digital Game Design Camp Summer Camp	Florida	N/A	Game Design	Minecraft	Unknown	5,6,7,8,9,10,11,12	5	U
https://www.digitalmediaacademy.org/kid-adventure-camps/camp-courses-for-kids/adventures-in-3d-game-design-with-minecraft/		Adventures in 3D Game Design with Minecraft	California	N/A	Game Design	Minecraft	$945	8,9,10,11,12	5	N
https://www.digitalmediaacademy.org/kid-adventure-camps/camp-courses-for-kids/adventures-in-java-programming-for-minecraft-modding/		Java programming for Minecraft modding	California	N/A	Game Design	Minecraft, Java	$945	8,9,10,11,12	5	N
http://hanalschool.wix.com/summer#!stem/csgz		Game Design	New Jersey	N/A	Game Design	Multimedia Fusion	unknown	10,11,12,13,14,15	Half, 5	U
http://www.utdallas.edu/k12/summer/		Learning to code with Minecraft (Python)	Texas	N/A	Game Design	Python	$250	11,12,13	5	U
http://www.codecraftlab.org/product/making-games-python-pygame/	Florida Institute of Technology assoicated	Making Games with Python and Pygame	Florida	N/A	Game Design	Python 	$200	10,11,12,13,14,15,16,17	4	U
camps.cs.washington.edu/		Beginning Game Programming In The Quorum Language	Washington	N/A	Game Design	Quorum	$220	12,13,14	5	Y
http://hanalschool.wix.com/summer#!stem/csgz		RPG Game Design	New Jersey	N/A	Game Design	RPG Maker	unknown	10,11,12,13,14,15	Half, 5	U
http://fun4firstcoastkids.com/Camps/Science-and-Tech-Camps/Bolles-Digital-Game-Design-Camp-Summer-Camp/View-details		Bolles Digital Game Design Camp Summer Camp	Florida	N/A	Game Design	Scratch	$450	9,10,11,12	5	U
http://i2camp.org/explore-camp-courses/		Digital Game Design from Scratch	Massachusetts, New York, California, Connecticut, New Jersey	N/A	Game Design	Scratch	$850	10,11,12,13	Full, 5	U
http://www.codecraftlab.org/product/game-maker-comic-power-2/	Florida Institute of Technology assoicated	Game Maker Adventure Programming	Florida	N/A	Game Design	Scratch	$200	7,8,9,10,11,12 	5	U
http://www.codecraftlab.org/product/game-maker-retro-remix/	Florida Institute of Technology assoicated	Game Maker Retro Remix	Florida	N/A	Game Design	Scratch	$200	7,8,9,10,11,12 	4	U
http://www.thesciencezone.org/2016-summer-camps.html		DIY Computer Game	Wyoming	N/A	Game Design	Scratch	$180	9,10,11,12,13,14	Half, 5	U
https://ivycoding.com/technology-camps/weekly-coding-summer-camp-middle-school/		Ivy Coding Tech Summer Camp	Georgia	N/A	Game Design	Scratch	$350 week	11,12,13	5	U
https://www.codetothefuture.com/events/american-fork-fitness-center-summer-camps		MineScratch Video Game Design	California	N/A	Game Design	Scratch	$160	7,8,9,10,11,12	5	U
https://www.codingwithkids.com/#!/camp?tab=1		Game Development /beginner	Washington	N/A	Game Design	Scratch	$279	8,9,10,11,12,13,14,15	5	U
https://www.codingwithkids.com/#!/camp?tab=2		Game Development Intermediate/Advanced	Washington	N/A	Game Design	Scratch	$279	8,9,10,11,12,13,14,15	5	U
https://www.visiontechcamps.com/3d-game-design-with-dota-2		3D Game Design with DOTA 2 	Indiana	N/A	Game Design	Source 2	$295	13,14,15,16,17	5	N
https://www.visiontechcamps.com/3d-game-design-with-team-fortress-2		3D Game Design with Team Fortress 2	Indiana	N/A	Game Design	Source 2	$950	13,14,15,16,17	5	N
http://hanalschool.wix.com/summer#!stem/csgz		3D Game Design – Trackmania	New Jersey	N/A	Game Design	TrackMania United	unknown	10,11,12,13,14,15	Half, 5	U
https://www.visiontechcamps.com/coding-video-game-design-with-tynker		Coding & Video Game Design with Tynker	Indiana	N/A	Game Design	Tynker	$829	7,8,9,10 	5	N
http://campedmo.org/programs/minecraft-redstone-engineering/		Game Coder	California	N/A	Game Design	Unity	$549	10,11,12,13	5	Y
https://technologycouncil.com/we-build-tech/2016-we-build-tech-summer-camps/	Nashville Technology Council	Building Games with Unity Coding Camps	Tennessee	N/A	Game Design	Unity	$200	11,12,13,14,15,16,17	5	U
https://www.coderevkids.com/tech-camps/santa-monica-courses.php		Unity 3D Game Development	California	N/A	Game Design	Unity	$549	10,11,12,13	5	U
http://gtcomputingoutreach.org/summerCamp.html#game		Games	Georgia	N/A	Game Design	Unknown	$375 with $50 high school student discount	8,9,10,11,12,13,14,15,16,17	Overnight, 7	N
http://gtcomputingoutreach.org/summerCamp.html#web	Also in Lit Review	Games	Georgia	N/A	Game Design	Unknown	$400 or $350 (HS)	5,6,7,8,9,10,11,12	5	N
http://precollege.adelphi.edu/programs/programs-for-credit/gaming/	Adelphi Pre-College Program	Introduction to Game Programming	New York 	N/A	Game Design	Unknown	$3,200	14,15,16,17	10	N
http://www.ctd.northwestern.edu/program/apogee	Apogee camp hosted by Northwestern University	3D Stories	Illinois	N/A	Game Design	Unknown	$3,715	9,10,11	15	U
http://www.mazemakers.com/activities.html		Mazemaker camp	Massachusetts	N/A	Game Design	Unknown	$2,800	7,8,9,10,11,12,13	20	U
http://www.smu.edu/CAPE/SummerYouth	SMU Continuing And Professional Education (CAPE)	Video Game Animation	Texas	N/A	Game Design	Unknown	$199	11,12,13	Half, 5	U
http://www.smu.edu/CAPE/SummerYouth	SMU Continuing And Professional Education (CAPE)	Make Your First Video Game	Texas	N/A	Game Design	Unknown	$199	11,12,13	Half, 5	U
http://www.smu.edu/CAPE/SummerYouth	SMU Continuing And Professional Education (CAPE)	Video Game Odyssey	Texas	N/A	Game Design	Unknown	$199	11,12,13	Half, 5	U
http://www.smu.edu/CAPE/SummerYouth	SMU Continuing And Professional Education (CAPE)	Make Your First 3-D Video Game	Texas	N/A	Game Design	Unknown	$199	11,12,13	Half, 5	U
http://www.smu.edu/CAPE/SummerYouth	SMU Continuing And Professional Education (CAPE)	Game Apprentices	Texas	N/A	Game Design	Unknown	$199	11,12,13	Half, 5	U
https://summerinstitutes.stanford.edu/courses/high-school/Computer-Science#department-803	Standford Summer Institute Camp	Computer Simulations and Interactive Media	California	N/A	Game Design	Unknown	$6,300	14,15	15	Y
https://www.stemforkids.net/		STEM for Kids	North Carolina, Wisconsin, Washington, Texas	N/A	Game Design	Unknown	Unknown	11,12,13,14,15,16,17	5	U
https://www.visiontechcamps.com/iphone-android-game-apps-game-design-camp		Mobile Video Game Design for iPhone & Android	Indiana	N/A	Game Design	Unknown	$850	8,9,10,11,12,13,14 	5	N
https://www.visiontechcamps.com/rpg-video-game-design-camp		Role-Playing Video Game Design	Indiana	N/A	Game Design	Unknown	$870	8,9,10,11,12,13,14 	5	N
https://www.einsteinsworkshop.com/component/eventbooking/summer-camps/level-design-summer		Game Design: Level Design with UnReal Engine	Massachusettes	N/A	Game Design	Unreal Engine	$350	11,12,13,14	Half, 5	U
https://www.idtech.com/teens/game-design-development/		iD Game Design & Development Academy for Teens	California, Connecticut, Georgia, Illinois, Massachusett, New York, North Carolina, Pennsylvania, and Washington	N/A	Game Design	Unreal Engine	From $3,799-4,199 (per 2-week session	10,11,12,13,14,15,16,17	10	N
http://hanalschool.wix.com/summer#!stem/csgz		Game Salad Programming	New Jersey	N/A	Game Design, App Dev	GameSalad	unknown	10,11,12,13,14,15	Half, 5	U
http://www.techsmartkids.com/BeginnerMobileGameDevCamp		beginner mobile game dev camp	Washington	N/A	Game Design, App Dev	Stencyl	$1,825	7, 8, 9,10	10	U
http://www.techsmartkids.com/MobileGameDevCamp		mobile game dev camp	Washington	N/A	Game Design, App Dev	Unity, C#	$1,825	10,11,12,13,14	5	U
http://outreach.cs.ua.edu/camps/fees.html		Middle School Camp	Alabama	N/A	Game Design, Robotics	Scratch	$300, $550	11,12,13	Half, Full, 5	U
http://services.santabarbaraca.gov/summerfun/educraft.html	Educraft Camp	Minecraft Mod Making Camp	California	N/A	Minecraft	Java	$208	11,12,13,14,15	Half, 5	U
http://www.techsmartacademy.com/		Introduction to Java using Minecraft mods!	California	N/A	Minecraft	Java	$715	10,11,12,13,14	5	U
http://caj.hrsb.ca/caj/news/2016/04/01/coding-camp-summer-2016 		Minecraft Designer	Canada	N/A	Minecraft	Javascript, Blockly	$189-229	10,11,12,13,14	5	N
http://stemacademy.oregonstate.edu/middle-school-summer-camps		Minecraft: Turtle Robotics Programming Camp	Oregon	N/A	Minecraft	Lua	$143	12,13,14	Half, 5	N
http://caj.hrsb.ca/caj/news/2016/04/01/coding-camp-summer-2016 		Minecraft Adventure	Canada	N/A	Minecraft	Minecraft	$189-229	7,8,9,10	5	N
http://campedmo.org/programs/minecraft-redstone-engineering/		Minecraft Redstone Engineering	California 	N/A	Minecraft	Minecraft	$549	10,11,12,13	5	Y
http://campedmo.org/programs/minecraft-redstone-engineering/		Minecraft Adventure Mapmaking Pro	California	N/A	Minecraft	Minecraft	$549	10,11,12,13	5	Y
http://campedmo.org/programs/minecraft-redstone-engineering/		Minecraft Adventure Mapmaking Intro	California	N/A	Minecraft	Minecraft	$459	5,6,7,8,9	5	Y
http://gtcomputingoutreach.org/summerCamp.html#mine		Minecraft	Georgia	N/A	Minecraft	Minecraft	$400 with $50 high school student discount	8,9,10,11,12,13,14,15,16,17	Overnight, 7	N
http://hanalschool.wix.com/summer#!stem/csgz		Minecraft EDU	New Jersey	N/A	Minecraft	Minecraft	unknown	10,11,12,13,14,15	Half, 5	U
http://summercamps.uncc.edu/calendar/new-camp-offering-week-7-minecraft-201-rising-grades-6-8		Minecraft 201	North Carolina	N/A	Minecraft	Minecraft	$150-$395	11,12,13	5	U
http://www.ctd.northwestern.edu/program/solstice	This is a pre-college course that is a part of the Solstice camp hosted by Northwestern University, Center for Talent Development	Minecraft	Illinois	N/A	Minecraft	Minecraft	$2,720	9,10,11	10	U
http://www.smu.edu/CAPE/SummerYouth	SMU Continuing And Professional Education (CAPE)	Minecraft Designers	Texas	N/A	Minecraft	Minecraft	$199	11,12,13	Half, 5	U
http://www.smu.edu/CAPE/SummerYouth	SMU Continuing And Professional Education (CAPE)	Minecraft Modders	Texas	N/A	Minecraft	Minecraft	$199	11,12,13	Half, 5	U
http://www.smu.edu/CAPE/SummerYouth	SMU Continuing And Professional Education (CAPE)	Minecraft Animators	Texas	N/A	Minecraft	Minecraft	$199	11,12,13	Half, 5	U
http://www.utdallas.edu/k12/summer/		Learning with Minecraft	Texas	N/A	Minecraft	Minecraft 	$250	8,9,10	5	U
http://www.howardcc.edu/programs-courses/continuing-education/courses/kids-on-campus/pages/middle-school.html	Howard Community College	Minecraft Modders	Maryland	N/A	Minecraft	Minecraft, Java	unknown	11,12,13	5	U
http://empow.me/camp/lexington/		Minecraft Camp	Massachusetts	N/A	Minecraft	Redstone	$595/$332	7,8,9,10,11,12	Full, Half, 5	U
powerupta.com/		 Middle School Coding	Illinois	N/A	Minecraft	Scratch	$329	11,12,13	Half, 5	U
http://www.ohlone.edu/org/ohloneforkids/summer/docs/2016summerofkcatalog.pdf		Minecraft : World of Humanities	California	N/A	Minecraft	Unknown	$125	11,12,13	10	U
https://www.visiontechcamps.com/3d-gd-minecraft-camp		3D Game Design with Minecraft Camp	Indiana, California	N/A	Minecraft	Unknown	$890	10,11,12,13,14	5	N
https://www.visiontechcamps.com/adventures-minecraft-camp		Adventures in Minecraft	Indiana	N/A	Minecraft	Unknown	$890	7,8,9,10	5	N
https://www.visiontechcamps.com/minecraft-server-setup		Minecraft Server Setup, Managing and Hosting	Indiana, California	N/A	Minecraft	Unknown	$950	10,11,12,13,14,15	5	N
http://services.santabarbaraca.gov/summerfun/educraft.html	Educraft Camp	Minecraft 3D Printing	California	N/A	Minecraft, Art	Minecraft	$240	11,12,13,14,15	Half, 5	U
https://www.codetothefuture.com/events/american-fork-fitness-center-summer-camps		Minecraft Modding 	California	N/A	Minecraft, Game Design	Java	$195	9,10,11,12,13,14	5	U
http://www.uta.edu/engineering/community/summer/engineering-camps/index.php	University of Texas Arlington	Entry to Engineering	Texas	N/A	engingeering, cs, biomedical	Unknown	$250	unknown	5	Y
http://www.uta.edu/engineering/community/summer/engineering-camps/index.php	University of Texas Arlington	Girlgeneering	Texas	Women	Engineering	Unknown	$250	Unknown	5	Y
https://www.peachjar.com/index.php?a=2&b=168162		peachjar STEM Camp	Texas	N/A	Programming, Art, Web Dev, App Dev, Robotics, Minecraft	Java, Python, Ruby On Rails, Scratch, C, SQL, C++, R	$325	5,6,7,8,9,10,11,12,13,14,15,16,17	5	U
https://p12.ehe.osu.edu/files/2016/04/2016-summer-camp-guide.pdf		4-H Youth Tech Camp	Ohio	N/A	Programming, Robotics, GPS/GIS technology, engineering design, electricity, rockets	Unknown	Unknown	11,12,13	Overnight, 3	U
http://www.sanjac.edu/node/4486406	San Jacinto College	STEM-U-LATE YOUR BRAIN	Texas	N/A	Robotics	Unknown	$125	11,12,13	Full, 4	U
http://www.sanjac.edu/node/415161	San Jacinto College	Stem-o-rama camp	Texas	N/A	Robotics	Unknown	$125	7,8	Full, 4	U
http://www.sanjac.edu/node/1919596	San Jacinto College	Stemtastic Adventures - No boys allowed!	Texas	N/A	Robotics	Unknown	$125	9,10	Full, 4	U
http://www.gotech.gatech.edu/content/158/camps-on-campus#Bright Horizons	Also in Lit Review	TEC Camp	Georgia	Women	Programming	Unknown	$275	12,13	5	N
http://camps.fit.edu/engineering/	Florida Institute of Technology	Engineering Camp	Florida	N/A	Other	Unknown	$1100 for day students, $1600 overnight students	15,16,17	Overnight, 7	U
http://challengecamps.com/morning-programs/		Printing the Future	New York	N/A	Art	Unknown	$1,355	8,9,10,11,12,13,	20	N
https://www.tacc.utexas.edu/education/stem-programs/camp-c3		Camp C3	Texas	N/A	Programming	Unknown	$1,700	11,12	30	Y
https://summerinstitutes.stanford.edu/courses/high-school/Computer-Science#department-803	Standford Summer Institute Camp	Artificial Intelligence	California	N/A	Other (AI)	Unknown	$6,300	15,16	15	Y
https://www.stevens.edu/admissions/pre-college-programs/available-pre-college-programs		Computer Science	New Jersey	N/A	Other (Algorithms and Cryptogroaphy)	Unknown	$1,800	N/A	5	U
http://www.oxbridgeprograms.com/	The Cambridge Prep Experience.	Computer Science	United Kingdom	N/A	Other (Algorithms)	Unknown	$7,995	13,14	20	Y
http://www.oxbridgeprograms.com/	The Cambridge Prep Experience.	Artificial Intelligence	United Kingdom	N/A	Other (Artificial Intelligence)	Unknown	$7,995	13,14	20	Y
http://www.starschallenge.org/stars/Computing%20Camp%20For%20Girls/		Code Secrets	New Jersey	N/A	Other (circuitry)	Arduino	$300	11,12	5	U
http://challengecamps.com/morning-programs/		PC Builders Academy	New York	N/A	Other (computer construction)	Unknown	$1,352	9,10,11,12,13,14	20	N
http://challengecamps.com/morning-programs/		3D Printer Builders	New York	N/A	Other (computer construction)	Unknown	$1,354	11,12,13,14	20	N
http://i2camp.org/explore-camp-courses/		How Computers Think	Massachusetts, New York, California, Connecticut, New Jersey	N/A	Other (computer construction)	Unknown	$850	10,11,12,13	Full, 5	U
https://edwardscampus.ku.edu/summer-camps-ku-edwards-campus	Kansas University	Do You Arduino? (Maker/Computer Engineering)	Kansas	N/A	Other (computer engineering/circuitry)	Unknown	$175	11,12,13	Half, 5	N
https://edwardscampus.ku.edu/summer-camps-ku-edwards-campus	Kansas University	Raspberry Pi (Maker/Computer Engineering	Kansas	N/A	Other (computer engineering/circuitry)	Unknown	$125	11,12,13	Half, 5	N
http://camps.mainerobotics.org/buildyourowncomputercamp.html	Maine Robotics Camp Program	Build Your Own Computer	Maine	N/A	Other (computer mechanics)	Unknown	$635 or $690 depending on location	12,13,14,15,16	Full, 5	U
http://www.codecraftlab.org/product/digital-makers-cyber-defenders-internet-creators/	Florida Institute of Technology assoicated	Digital Makers, Cyber Defenders and Internet Creators	Florida	N/A	Other (cyber defense)	Unknown	$200	12,13,14,15,16,17	5	U
https://www.engr.ncsu.edu/theengineeringplace/summerprograms/middle-school/raleigh.php		Camp I	North Carolina	N/A	Other (Engineering)	Unknown	$400	11,12,13	Full, 5	Y
http://www.tetonscience.org/field-education/summer-academy	Journeys School Summer Innovation Academy	Beginning Programming	Wyoming	N/A	Other (Interactive Storytelling)	Unknown	$210	8,9,10,11,12,13	5	N
http://www.sanjac.edu/node/4486416	San Jacinto College	Arduino Network Team	Texas	N/A	Other (Networks)	Unknown	$155	12,13,14,15,16	Full, 4	U
http://stemacademy.oregonstate.edu/middle-school-summer-camps		Computational Biology Camp	Oregon	N/A	Other (Science)	Python	$145	12,13,14	Half, 5	N
http://i2camp.org/explore-camp-courses/		Cyber Security	Massachusetts, New York, California, Connecticut, New Jersey	N/A	Other (security)	Arduino	$850	10,11,12,13	Full, 5	U
https://www.cs.purdue.edu/outreach/adventures-in-cs.html		Purdue University Computer Science Camp	Indiana	N/A	Other (software development, focus on computational thinking patterns)	Linux, Python	unknown	11,12,13	5	N
www.chasewoodlearning.com/#!summer-camps/cerm		 STEM Summer Camp	Illinois	N/A	Other (STEM)	Unknown	$195	6,7,8,9,10,11,12,13,14	Half, 5	U
http://p12.ehe.osu.edu/files/2014/03/2014-OSU-camp-listings.pdf		Young Women's Summer Institute (residential)	Ohio	Women	Other (technology)	Unknown	$250	11,12	Overnight, 7	U
p12.ehe.osu.edu/files/2014/03/2014-OSU-camp-listings.pdf 		4-H Camp Tech (residential)	Ohio	N/A	Other (technology)	Unknown	$200	11,12,13	Overnight, 2	U
http://www.watonka.com/sciences/		camp Watonka	Pennsylvania	Men	Other (varies from year to year)	Unknown	$3,000	8,9,10,11,12,13,14,15,16	Overnight, 14	U
https://epic.calpoly.edu/		EPIC – Engineering Possibilities in College	California	N/A	Engineering	Unknown	n/a	12,13,14,15,16,17	5	U
https://www.digitalmediaacademy.org/kid-adventure-camps/camp-courses-for-kids/adventures-in-advanced-robotics-w-lego-ev-3/		Adventures in Robotics and Programming with LEGO® EV3	California	N/A	Porgramming	LEGO	$945	8,9,10,11,12	5	N
http://cs.fit.edu/Academics/summercamp/	Florida Institute of Technology	Camp Alpha: Computing with Alice	Florida	N/A	Programming	Alice	$150	14,15,16,17	5	U
https://edwardscampus.ku.edu/summer-camps-ku-edwards-campus	Kansas University	Rock Chalk Jayhawk Code KU! (Beginning Code)	Kansas	N/A	Programming	App Inventor	$125	11,12,13	Half, 5	N
https://www.digitalmediaacademy.org/kid-adventure-camps/camp-courses-for-kids/electronics-engineering-with-arduino/		Adventures in Engineering& Electronics with Arduino	California	N/A	Programming	Arduino	$945	8,9,10,11,12	5	N
https://www.parktudor.org/summer		Park Tudor - "Computer Science - An Introduction"	Indiana	N/A	Programming	Block language	$155	11,12,13	Half, 5	U
http://www.ctd.northwestern.edu/program/spectrum	Spectrum camp	C++ Programming Honors	Illinois	N/A	Programming	C++	$3,715	,12,13	15	U
https://www.idtech.com/teens/programming/		iD Programming Academy for Teens	California, Connecticut, Georgia, Illinois, Massachusetts, New York, North Carolina, Pennsylvania, Washington, Texas, New Hampshire	N/A	Programming	C++, Java, HTML5, Arduino	Overnight: From $3,799-4,249 (per 2-week session).       Day only: From $2,899 (per 2-week session)	10,11,12,13,14,15,16,17	10	N
http://www.stemsummerexperience.com/ProgramIt.aspx		2016 Stem Summer Experience/ Program It	North Carolina	N/A	Programming	C, C++, C#	$225	11,12,13	4	N
http://hanalschool.wix.com/summer#!stem/csgz		Drag & Drop Programming	New Jersey	N/A	Programming	Code Studio	unknown	10,11,12,13,14,15	Half, 5	U
http://challengecamps.com/afternoon-challenge/		Code Central Station: HTML	New York	N/A	Programming	HTML	4 week half - $1350. 4 week full - $2700, 3 week half- $1100, 3 week full- $2200	unknown	20	N
http://www.howardcc.edu/programs-courses/continuing-education/courses/kids-on-campus/pages/middle-school.html	Howard Community College	Code Breakers	Maryland	N/A	Programming	HTML, CSS, JavaScript	$270	11,12,13	5	U
http://www.ccbcmd.edu/~/media/CCBC/Programs%20and%20Courses/Life%20Enrichment/Kids/PDFs/summercamps.ashx?la=en		Code Breakers	Maryland	N/A	Programming	HTML, JavaScript, CSS	$199	8,9,10,11,12,13,14,15	Half, 5	U
http://challengecamps.com/afternoon-challenge/		Code Central Station: Java	New York	N/A	Programming	Java	$1,100	unknown	20, 25	N
http://cs.fit.edu/Academics/summercamp/	Florida Institute of Technology	Camp Beta: Problem Solving with Computing	Florida	N/A	Programming	Java	$150	14,15,16,17	5	U
http://program-your-future.weebly.com/hackers-academies.html		Cracking the AP Computer Science A exam in Java 	California	Women, Ethnic Minorities	Programming	Java	Unknown	10,11,12,13,14,15,16,17	10	U
http://www.ctd.northwestern.edu/program/apogee	Apogee camp hosted by Northwestern University	Introduction to Java Programming Honors	Illinois	N/A	Programming	Java	$3,715	9,10,11	15	U
http://www.ctd.northwestern.edu/program/spectrum	Spectrum camp	Introduction to Java Programming Honors	Illinois	N/A	Programming	Java	$3,715	,12,13	15	U
http://www.memphis.edu/cristal/stem_opportunities/k12students.php		Advanced Code Crew	Tennessee 	N/A	Programming	Java	$10	11,12,13,14,15	30	U
http://www.syp.mtu.edu/index.php	This is a pre-college program, so a variety of courses from different disciplines are offered and students can pick 2 courses	Pre-College Explorations @ Michigan Tech	Michigan	N/A	Programming	Java	$895	N/A	5	Y
http://www.techsmartkids.com/CodingInJava		coding in java	Washington	N/A	Programming	Java	$900	12,13,14,15,16	10	U
https://www.educationunlimited.com/camp/15/computer-camp.html		Education Unlimited	California	N/A	Programming	Java	$1,545.00d ay camper, $2,135.00 overnight	11,12,13	5	Y
https://www.einsteinsworkshop.com/component/eventbooking/summer-camps/learning-to-code-javagraphics-summer		Learning to Code: Java Graphics	Massachusettes	N/A	Programming	Java	$350	11,12,13,14	Half, 5	U
https://www.visiontechcamps.com/advanced-programming-java-camp		Computer programming with Java	California	N/A	Programming	Java	$1,050	12,13,14,15,16	5	U
https://www.visiontechcamps.com/advanced-programming-java-camp		Computer programming with Java	Indiana, California	N/A	Programming	Java	$1,050	12,13,14,15,16	5	N
http://cscamp.cs.uri.edu/index.php	University of Rhode Island camp	Java	Rhode Island	N/A	Programming	Java 	$300	12,13,14,15	5	U
http://www.summertech.net/courses/		Code	New York	N/A	Programming	Java, JavaScript, Python	$1225/ $1800 for overnight)	10,11,12,13,14,15,16,17	Overnight, Full, 6	U
https://www.angelo.edu/content/news/9138-summer-computer-code-camp-expanding		ASU Code Camp	Texas	N/A	Programming	Java, Unity	$30	11,12,13,14,15,16,17	10	U
http://gtcomputingoutreach.org/summerCamp.html#web	Also in Lit Review	Minecraft	Georgia	N/A	Programming	JavaScript	$400 or $350 (HS)	5,6,7,8,9,10,11,12	5	N
https://www.idtech.com/alexa-cafe/courses/sugar-coded/		Sugar Coded — Coding with JavaScript	California, Colorado, Georgia, Illinois, Massachusetts, New York, Pennsylvania, Washington	Women	Programming	JavaScript, Scratch	$949-$1,099	10,11,12,13,14,15	5	U
https://www.digitalmediaacademy.org/kid-adventure-camps/camp-courses-for-kids/adventures-in-engineering-and-rocket-science/		Adventures in Engineering & Rocket Science	California	N/A	Programming	Kerbal Space Program, West Point Bridge Designer	$945	8,9,10,11,12	5	N
http://ticcamp.com/programs/technology/programming/		Programming	Maryland	N/A	Programming	LOGO, JAVA, Python, Unity, C#	$880	7,8,9,10,11,12,13,14,15	Full, 5	Y
http://camps.mainerobotics.org/minecraft-camp.html	Maine Robotics Camp Program	Programming with Minecraft	Maine	N/A	Programming	Minecraft	$300	10,11,12,13,14	Full, 5	U
https://www.visiontechcamps.com/minecraft-modding-java-forge		Minecraft Modding with Java & Forge	Indiana, California	N/A	Programming	Minecraft, Java	$950	10,11,12,13,14	5	N
http://challengecamps.com/morning-programs/		Code Central Station: Python	New York	N/A	Programming	Python	$1350 4weeks, $1100 3weeks)	9,10,11,12,13,14	15, 20	N
http://cscamp.cs.uri.edu/index.php	University of Rhode Island camp	Python	Rhode Island	N/A	Programming	Python	$300	12,13,14,15	5	U
http://geri.education.purdue.edu/youth_programs/SRES/index.html	Star - Purdue Gifted Education Resource Institute (GERI)	Airplane Tracking with Raspberry Pis	Indiana	N/A	Programming	Python	$2,150	12,13	10	Y
http://program-your-future.weebly.com/hackers-academies.html		Fundamentals of Computer Science in Python	California	Women, Ethnic Minorities	Programming	Python	Unknown	10,11,12,13,14,15,16,17	10	U
http://uca.edu/outreach/camps-middleschoolers/		Computer Coding – Intermediate Track	Arkansas	N/A	Programming	Python	N/A	11,12,13	5	U
http://www-users.cs.umn.edu/~gini/computingacademy/		Summer Computing Academy for female students	Minnesota	Women	Programming	Python	$50	11,12,13,14,15,16,17	Full, 5	Y
http://www.ctd.northwestern.edu/program/apogee	Apogee camp hosted by Northwestern University	Python Programming: From Games to Google	Illinois	N/A	Programming	Python	$3,715	9,10,11	15	U
http://www.ctd.northwestern.edu/program/apogee	Apogee camp hosted by Northwestern University	Raspberry Pi	Illinois	N/A	Programming	Python	$3,715	9,10,11	15	U
https://technologycouncil.com/we-build-tech/2016-we-build-tech-summer-camps/	Nashville Technology Council	Python Camp	Tennessee	N/A	Programming	Python	$200	12,13,14,15,16,17	5	U
https://www.codingwithkids.com/#!/camp?tab=4		Python	Washington	N/A	Programming	Python	$279	10,11,12,13,14,15,16	5	U
https://www.visiontechcamps.com/python-game-design-camp		Game Development with Python Programming	Indiana, California	N/A	Programming	Python	$950	10,11,12,13,14,15,16	5	N
http://cscamp.cs.uri.edu/index.php	University of Rhode Island camp	Scratch	Rhode Island	N/A	Programming	Scratch	$240	8,9	4	U
http://tulsastem.org/trsa-summer%20-camps/		Girls Coding Camp	Oklahoma	Women	Programming	Scratch	Unknown	11,12,13	5	U
http://www.dpisd.org/cms/lib4/TX01001079/Centricity/Domain/652/JHCampFlyerRev.pdf		Introduction to Coding	Illinois	N/A	Programming	Scratch	$80	11,12,13	Half, 4	Y
http://www.sbhscs.org/enroll/summer-camp/		Scratch Camp	California	N/A	Programming	Scratch	$125	12,13,14	Half, 5	N
http://www.summer-camp.uw.edu/half-day/middle-school/computing.asp 		 Programming with Scratch I 	Washington	N/A	Programming	Scratch	$490	11,12,13	10	Y
http://www.techsmartkids.com/IntroToCodingCamp		intro to coding camp	Washington	N/A	Programming	Scratch	$1,825	7,8,9,10	10	U
https://aceweb.uvu.edu/ShowSchedule.awp?&Mode=GROUP&Group=CEYCMP&Title=Youth+Computer&SubGroup=CEY	2 of these are offered	Scratch Level 2	Utah	N/A	Programming	Scratch	$59	8,9,10,11,12	Half, 5	U
https://technologycouncil.com/we-build-tech/2016-we-build-tech-summer-camps/	Nashville Technology Council	Scratch Camp	Tennessee	N/A	Programming	Scratch	$200	8, 9,10,11,12,13,14,15,16,17	5	U
https://www.coderevkids.com/tech-camps/santa-monica-courses.php		Adventures in Programming	California	N/A	Programming	Scratch	$549	10,11,12,13	5	U
www.chasewoodlearning.com/#!summer-camps/cerm		STEM Learn How to Code	Illinois	N/A	Programming	Scratch	$195	7,8,9,10,11,12,13,14	Half, 5	U
https://coderdojo.com/		CoderDojo	New Hampshire, Vermont, New York, Delaware, Virginia, Georgia, Louisiana, Arkansas, Kansas, Nebraska, Colorado, Utah	N/A	Programming	Scratch, Blockly, Minecraft, JavaScript, HTML	Free	7,8,9,10,11,12,13,14,15,16,17	Unknown	N
http://www.memphis.edu/cristal/stem_opportunities/k12students.php		100 Girls of Code	Tennessee 	Women	Programming	Scratch, HTML, CSS	free	10,11,12,13,14,15,16,17	10	U
http://breakoutmentors.com/		Breakout Mentors	California	N/A	Programming	Scratch, Java, Python	Unknown	8,9,10,12,13,14,15,16,17	Half, 5	N
http://www.blackgirlscode.com/		Black Girls Code	Texas, Florida, California, Illinois, Georgia, Washington, New York, Tennessee	Women, Ethnic Minorities	Programming	Scratch, Javascript, App Inventor	Unknown	7,8,9,10,11,12,13,14,15,16,17	Full, 1	Y
https://www.digitalmediaacademy.org/adventures-in-programming-made-by-girls/		Adventures in Programming Made by Girls	California	N/A	Programming	Scratch, Processing	$945	8,9,10,11,12	5	N
https://ywic.nmsu.edu/sample-page/camp-2015/		YWiC Alum Middle School Summer Camp	New Mexico	Women	Programming	SNAP, LEGO, Arduino	Free	11,12,13	Half, 5	U
http://challengecamps.com/afternoon-challenge/		Code Central Station: Tinker with Tynker	New York	N/A	Programming	Tynker	4 week half - $1350. 4 week full - $2700, 3 week half- $1100, 3 week full- $2200	unknown	35, 40	N
http://gnextedu.com/summer-program/summer-program-schedule/		Coding for Coders	New Jersey	N/A	Programming	Unknown	$1,000	10,11,12,13,14,15,16,17	Half, 20	U
http://program-your-future.weebly.com/hackers-academies.html	Not a camp, but a list of camps	Hacking the Digital World through Web Design, Digital Imaging, and Geographic Information Systems	California	Ethnic Minorities	Programming	Unknown	N/A	10,11,12,13,14,15,16,17	Full, 10	U
http://www.ctd.northwestern.edu/program/apogee	Apogee camp hosted by Northwestern University	ROVing Robotics: Exploring the Technology of Unmanned Vehicles	Illinois	N/A	Programming	Unknown	$3,715	9,10,11	15	U
http://www.laurajeffreyacademy.org/summer-camps/		Technology Day Camp	Minnesota	Low Income	Programming	Unknown	Free	11,12,13	Full, 5	U
http://www.smu.edu/Lyle/Institutes/CaruthInstitute/K-12Programs/EngineeringCamp/Apply7-10Camp	SMU Lyle School of Engineering	Introduction to Programming for Middle School Students	Texas	N/A	Programming	Unknown	$350	11,12,13	Half, 10	U
https://edwardscampus.ku.edu/summer-camps-ku-edwards-campus	Kansas University	girls.code (Girls Code)	Kansas	N/A	Programming	Unknown	$125	11,12,13	Half, 5	N
https://edwardscampus.ku.edu/summer-camps-ku-edwards-campus	Kansas University	Code Red! (More Coding)	Kansas	N/A	Programming	Unknown	$125	11,12,13	Half, 5	N
https://www.codenow.org/the-program/codenow-in-a-box/		CodeNow in a Box	Washington, California, New York, Florida, District of Columbia	Women, Ethnic Minorities	Programming	Unknown	Unknown	N/A	2	N
https://www.coderevkids.com/tech-camps/		CodeREV Tech Camps	California	N/A	Programming	Unknown	$549	6,7,8,9,10,11,12,13,14	5	N
https://www.imacs.org/math-computer-science/educational-summer-programs/		Hi-Tech Summer Camp	Florida, North Carolina, California, Missouri, Connecticut 	N/A	Programming	Unknown	$574	8,9,10,11,12	5	Y
https://www.planetbravo.com/codelikeagirl/index.php		Code Like A Girl	California	N/A	Programming	Unknown	$525	7,8,9,10,11,12,13,14	5	N
http://challengecamps.com/morning-programs/		Code Central Station: Java	New York	N/A	Programming 	Java  	$1,100	9,10,11,12,13,14	15, 20	N
http://www.computercamps.com/tech-camps/computer-camps-for-kids-and-teens/program-overview/		Computer Camps for Kids and Teens	Connecticut, Illinois, Pennsylvania, Georgia	N/A	Programming, App Dev	Scratch, Python, Java, Swift	$2,825	8,9,10,12,13,14,15,16,17	10	U
http://www.foothill.edu/sli/STEM_summer_camps.html		STEM Summer Camp 2016	California	N/A	Programming, App Dev, Game Design, Robotics	Java	$200	11,12,13	20	U
http://www.utdallas.edu/k12/summer/		Enjoyable Coding with JavaScript	Texas	N/A	Programming, Art	JavaScript	$250	11,12,13	5	U
http://www.utdallas.edu/k12/summer/		Animations using Scratch	Texas	N/A	Programming, Art	Scratch	$250	8,9,10	5	U
http://www.utdallas.edu/k12/summer/		Advanced Scratch: Games & Music	Texas	N/A	Programming, Art	Scratch	$250	8,9,10	5	U
	St. Mary's University	Computer Science Summer Camp	Texas	N/A	Programming, Game Design	C, C#	$300	11,12,13,14,15,16,17	Full, 5	U
https://www.codingwithkids.com/#!/camp?tab=0		little coders	Washington	N/A	Programming, Game Design	Lightbot, Kodable, and/or Scratch	$279	5,6	5	U
http://techknowhow.com/		TechKnowHow Technology and Robotics Summer Camps	California, Washington	N/A	Programming, Game Design	Python, Java, Stencyl, LEGO	N/A	5,6,7,8,9,10,12,13,14,15	5	N
https://www.mvcodeclub.com/		MV Code Club	California	N/A	Programming, Game Design, Web Dev, Robotics	Scratch, Java, Javascript, C, C#, HTML, CSS	$229-$349 a month depending	6,7,8,9,10,11,12,13	20	N
https://www.einsteinsworkshop.com/component/eventbooking/summer-camps/java-minecraft-mod-summer		Intro to Java Coding with Minecraft Modding	Massachusettes	N/A	Programming, Minecraft	Java	$350	11,12,13,14	Half, 5	U
https://www.visiontechcamps.com/minecraft-mastery-modpacks		Minecraft Modpack Development	Indiana, California	N/A	Programming, Minecraft	Unknown	$950	11,12,13,14,15	5	N
https://www.visiontechcamps.com/ev3-lego-robotics-camp		Robotics & Visual Programming Summer Camp	Indiana, California	N/A	Programming, Robotics	LEGO	$850	8,9,10,11,12	5	N
https://www.uvu.edu/ce/youthcamps/		Robotics Level 1	Utah	Women	Programming, Robotics	Unknown	$59	10,11,12,13,14	Half, 5	U
		Advanced Programming & STEMDu Robotics	Utah	N/A	Programming, Robotics	Unknown	$79	10,11,12,13,14,15	Half, 5	U
http://www.awesomeincu.com/weekofcode/		Awesome Inc U's Kids Coding Camp	Kentucky	N/A	Programming, Robotics, App Dev, Game Design	HTML, CSS, Arduino, Javascript	$625.00	11,12,13,14,15,16	4	U
https://www.planetbravo.com/camps/index.php		Techno-tainment Camp	California	N/A	Programming, Robotics, Minecraft	Unknown	$525	6,7,8,9,10,11,12,13,14	5	N
campcomputer.com/	Sleepaway camp, campers do two or three intro camps before moving to an individualized format where the camper determines their own projects/interests	Camp Fitch Computer Camp	Pennsylvania	N/A	Programming, Web Dev	Python, Java, Javascript, C++, C#, HTML, CSS	$820	8,9,10,11,12,13,14,15,16	5	N
http://challengecamps.com/afternoon-challenge/		Arduino Application	New York	N/A	Robotics	Arduino	4 week half - $1350. 4 week full - $2700, 3 week half- $1100, 3 week full- $2200	unknown	15, 20	N
https://www.visiontechcamps.com/computer-science-robotics-arduino-camp		Computer Science and Robotics Engineering with Arduino	Indiana, California	N/A	Robotics	Arduino	$1,050	10,11,12,13,14	5	N
http://www.stormingrobots.com/prod/SummerCoursePages/Robotics%20with%20Electronics%20-%20Arduino%20I.html	Storming Robots Camp	Robotics with Electronics -Arduino I	New Jersey	N/A	Robotics	Arduino, C	$595	13,14,15,16,17	5	U
http://www.stormingrobots.com/prod/SummerCoursePages/Robotics%20with%20Electronics%20-%20Arduino%20II.html	Storming Robots Camp	Robotics with Electronics -Arduino II	New Jersey	N/A	Robotics	Arduino, C, LEGO 	$575	13,14,15,16,17	5	U
https://www.codingwithkids.com/#!/camp?tab=5		Arduino 	Washington	N/A	Robotics	C	$279	10,11,12,13,14,15,16	5	U
http://www.stormingrobots.com/prod/SummerCoursePages/Robotics%20Programming%20and%20Algebra.html	Storming Robots Camp	Robotics Programming and Algebra	New Jersey	N/A	Robotics	C, C++	$525	12,13,14,15,16	5	U
https://www.einsteinsworkshop.com/component/eventbooking/summer-camps/sparki-summer		Programming Robots: Sparki the Arduino Robot	Massachusettes	N/A	Robotics	C, C++	$350		Half, 5	U
https://www.stmarytx.edu/academics/set/outreach-programs/prep/	St. Mary's University	Pre-engineering Robotics and Java Programming Summer Program	Texas	N/A	Robotics	Java, LEGO	Unknown	11,12,13,14,15,16,17	10	Y
camps.cs.washington.edu/		Beginning Robotics With Lego Mindstorms	Washington	N/A	Robotics	LEGO	$220	12,13,14	5	Y
http://caj.hrsb.ca/caj/news/2016/04/01/coding-camp-summer-2016 		Jr Robotics Tech Explorer	Canada	N/A	Robotics	LEGO	$189-229	6,7,8,9	5	N
http://camps.mainerobotics.org/robotic-summer-camps2.html	Maine Robotics Camp Program	LEGO Robotics Camp	Maine	N/A	Robotics	LEGO	$290-$335 (depending on location)	9,10,11,12,13,14,15,16	Full, 5	U
http://challengecamps.com/afternoon-challenge/		Lego Mindstorm	New York	N/A	Robotics	LEGO	4 week half - $1350. 4 week full - $2700, 3 week half- $1100, 3 week full- $2200	unknown	20, 45	N
http://cscamp.cs.uri.edu/index.php	University of Rhode Island camp	Lego Mindstorms A	Rhode Island	N/A	Robotics	LEGO	$400	10,11,12	5	U
http://cscamp.cs.uri.edu/index.php	University of Rhode Island camp	Lego Mindstorms B	Rhode Island	N/A	Robotics	LEGO	$750	10,11,12,13,14,15	10	U
http://empow.me/camp/lexington/		Tech & Design Camp	Massachusetts	N/A	Robotics	LEGO	$595/$332	7,8,9,10,11,12	Full, Half, 5	U
http://fun4firstcoastkids.com/Camps/Science-and-Tech-Camps/ 		Shiva Robotics Academy	Florida	N/A	Robotics	LEGO	$325	3,4,5,6,7,8,9,10,1,2,13	5	U
http://fun4firstcoastkids.com/Camps/Science-and-Tech-Camps/Bolles-Robotics-101-LEGO®-MINDSTORMS®-Summer-Camp/View-details		Bolles Robotics 101: LEGO® MINDSTORMS® Summer Camp	Florida	N/A	Robotics	LEGO	$180	5,6,7,8,9,10,11,12	5	U
http://fun4firstcoastkids.com/Camps/Science-and-Tech-Camps/Bolles-Robotics-Summer-Camp/View-details		Bolles Robotics Summer Camp	Florida	N/A	Robotics	LEGO	$425	9,10,11,12	5	U
http://fun4firstcoastkids.com/Camps/Science-and-Tech-Camps/Geers-Robotics-Summer-Camp/View-details		Geers Robotics Summer Camp	Florida	N/A	Robotics	LEGO	$125	9,10,11,12	5	U
http://geri.education.purdue.edu/youth_programs/SRES/index.html	Comet - Purdue Gifted Education Resource Institute (GERI)	EV3: Robotec: ‘Bots & Bytes	Indiana	N/A	Robotics	LEGO	$1,075.00	10,11	5	U
http://gnextedu.com/summer-program/summer-program-schedule/		MINDSTORM EV3	New Jersey	N/A	Robotics	LEGO	$1,000	10,11,12,13,14	Half, 20	U
http://hanalschool.wix.com/summer#!stem/csgz		Robowarz	New Jersey	N/A	Robotics	LEGO	unknown	10,11,12,13,14,15	Half, 5	U
http://hanalschool.wix.com/summer#!stem/csgz		Robotics	New Jersey	N/A	Robotics	LEGO	unknown	10,11,12,13,14,15	Half, 5	U
http://i2camp.org/explore-camp-courses/		Robotics I	Massachusetts, New York, California, Connecticut, New Jersey	N/A	Robotics	LEGO	$850	10,11,12,13	Full, 5	U
http://i2camp.org/explore-camp-courses/		Robotics II	Massachusetts, New York, California, Connecticut, New Jersey	N/A	Robotics	LEGO	$850	10,11,12,13	Full, 5	U
http://precollege.ucsd.edu/index.cfm?vAction=singleCourse&vCourse=SIO-90009		Introduction to Robotics with LEGO MINDSTORMS EV3	California	Women	Robotics	LEGO	$150	11,12,13	Half, 5	U
http://starbase.wyo.gov/announcements/2016summercamp	A DoD Youth Program	Wyoming Starbase Academy	Wyoming	N/A	Robotics	LEGO	Unknown	11,12,13	5	U
http://stemacademy.oregonstate.edu/middle-school-summer-camps		Middle School Lego Mindstorms Camp	Oregon	N/A	Robotics	LEGO	$145	12,13,14	Half, 5	N
http://summercamps.uncc.edu/calendar/week-1-robotics-201-skc201-009		Robotics 201	North Carolina	N/A	Robotics	LEGO	$150-$395	11,12,13	5	U
http://summercamps.uncc.edu/calendar/week-2-robotics-101-skc196-005		Robotics 101	North Carolina	N/A	Robotics	LEGO	$150-$395	11,12,13	5	U
http://www.ctd.northwestern.edu/program/apogee	Apogee camp hosted by Northwestern University	Robotics: Some Assembly Required	Illinois	N/A	Robotics	LEGO	$3,715	9,10,11	15	U
http://www.dpisd.org/cms/lib4/TX01001079/Centricity/Domain/652/JHCampFlyerRev.pdf		Beginner Robotics	Illinois	N/A	Robotics	LEGO	$80	11,12,13	Half, 4	Y
http://www.dpisd.org/cms/lib4/TX01001079/Centricity/Domain/652/JHCampFlyerRev.pdf		Advanced Robotics	Illinois	N/A	Robotics	LEGO	$80	11,12,13	Half, 5	Y
http://www.egr.msu.edu/future-engineer/programs/spartaneering-lego-robotics-plus-commuter-session-4		Spartaneering LEGO Robotics Plus	Michigan	N/A	Robotics	LEGO	$295	9,10,11,12,13	Half, 5	U
http://www.fusd1robotics.org/camp/		COCONUTS 1.0: Introduction to LEGO NXT Robots	Arizona	N/A	Robotics	LEGO	$123	9,10,11,12,13	5	U
http://www.howardcc.edu/programs-courses/continuing-education/courses/kids-on-campus/pages/middle-school.html	Howard Community College	Robotics With NXT	Maryland	N/A	Robotics	LEGO	$285	11,12,13	5	U
http://www.independent.com/summercamp2015/		Camp GObotics	California	N/A	Robotics	LEGO	$175/$325 half/full	6,7,8,9,10,11,12,13,14	Full, Half, 5	U
http://www.ohlone.edu/org/ohloneforkids/summer/docs/2016summerofkcatalog.pdf		LEGO® Mindstorms EV3 Robotics	California	N/A	Robotics	LEGO	$125	9,10,11,12,13	10	U
http://www.ohlone.edu/org/ohloneforkids/summer/docs/2016summerofkcatalog.pdf		LEGO® EV3 Series Challenge Robots	California	N/A	Robotics	LEGO	$115	9,10,11,12,13	10	U
http://www.smu.edu/CAPE/SummerYouth	SMU Continuing And Professional Education (CAPE)	LEGO YOUniverse!	Texas	N/A	Robotics	LEGO	$199	11,12,13	Half, 5	U
http://www.smu.edu/Lyle/Institutes/CaruthInstitute/K-12Programs/EngineeringCamp/Apply7-10Camp	SMU Lyle School of Engineering	Mindstorms Robotics Program for Middle School Students	Texas	N/A	Robotics	LEGO	$350	11,12,13	Half, 10	U
http://www.smu.edu/Lyle/Institutes/CaruthInstitute/K-12Programs/EngineeringCamp/Apply7-10Camp	SMU Lyle School of Engineering	Competitive Robotics FIRST LEGO League Program for Middle School Students	Texas	N/A	Robotics	LEGO	$350	11,12,13	Full, 5	U
http://www.stormingrobots.com/prod/campreg.html	Storming Robots Camp	Robot Technology Projects	New Jersey	N/A	Robotics	LEGO	$475	9,10,11,12,13,	5	U
http://www.stormingrobots.com/prod/campreg.html	Storming Robots Camp	Robot-to-Robot Automation and Remote Control	New Jersey	N/A	Robotics	LEGO	$525	12,13,14,15,16	5	U
http://www.stormingrobots.com/prod/SummerCoursePages/Junior%20Competitive%20Robotics%20(First%20LEGO%20League).html	Storming Robots Camp	Junior Competitive Robotics (FIRST LEGO league)	New Jersey	N/A	Robotics	LEGO	$525	10,11,12,13	5	U
http://www.stormingrobots.com/prod/SummerCoursePages/Physics%20with%20Robotics.html	Storming Robots Camp	Physics with Robots	New Jersey	N/A	Robotics	LEGO	$575	13,14,15,16,17	5	U
http://www.stormingrobots.com/prod/SummerCoursePages/Robotics%20Fun%20with%20Mathematics.html	Storming Robots Camp	Robotics Fun with Mathematics	New Jersey	N/A	Robotics	LEGO	$475	5,6,7,8,9,10,11,12,13	5	U
http://www.stormingrobots.com/prod/SummerCoursePages/Super%20Robotics%20Sumo%20Training.html	Storming Robots Camp	Robotics Techonlogy Projects	New Jersey	N/A	Robotics	LEGO	$475	9,10,11,12,13	5	U
https://robinsoncenter.uw.edu/programs/summer/challenge/	Summer Challenge camp hosted by Robinson Center for Young Scholars @ University of Washington	Introduction to Robotics	Washington	N/A	Robotics	LEGO	$1,000	10,11	15	Y
https://www.einsteinsworkshop.com/component/eventbooking/summer-camps/robotics-programming-with-lego-mindstorms-summer		Robotics Programming with LEGO Mindstorms	Massachusetts	N/A	Robotics	LEGO	$350	9,10,11	Half, 5	U
https://www.parktudor.org/summer		Park Tudor - "LEGO Robotics"	Indiana	N/A	Robotics	LEGO	$155	10,11	Half, 5 	U
https://www.stemforkids.net/		STEM for Kids	North Carolina, Wisconsin, Washington, Texas	N/A	Robotics	LEGO	Unknown	11,12,13,14,15,16,17	5	U
www.chasewoodlearning.com/#!summer-camps/cerm		LEGO Robotics Academy	Illinois	N/A	Robotics	LEGO	$195	6,7,8,9,10,11,12,14	Half, 5	U
http://ticcamp.com/programs/technology/robotics/		Robotics	Maryland	N/A	Robotics	LEGO, C	$880	7,8,9,10,11,12,13,14,15	Full, 5	Y
http://www.stormingrobots.com/prod/SummerCoursePages/Super%20Robotics%20Sumo%20Training.html	Storming Robots Camp	Super Robotics Sumo Workshop	New Jersey	N/A	Robotics	LEGO, C, C++	$475	9,10,11,12,13	5	U
https://technologycouncil.com/we-build-tech/2016-we-build-tech-summer-camps/	Nashville Technology Council	Raspberry PI + Scratch Robotics Camps	Tennessee	N/A	Robotics	Python, Scratch	$300	11,12,13,14,15,16,17	5	U
http://www.utdallas.edu/k12/summer/		Engineering Projects with Arduino Boards	Texas	N/A	Robotics	Robotics, C	$250	11,12,13	5	U
http://d101.org/htdocs/StaffMedia/mryan/Documents/2016_Summer_Activity_Brochure.pdf	likely not a camp, didn't try too hard to find a good URL	Intro to Programming Using the Finch Robot	Illinois	N/A	Robotics	Scratch	$80	11,12,13	Half, 4	U
http://www.utdallas.edu/k12/summer/		Coding with Robots	Texas	N/A	Robotics	Scratch	$250	8,9,10	5	U
https://aceweb.uvu.edu/ShowSchedule.awp?&Mode=GROUP&Group=CEYCMP&Title=Youth+Computer&SubGroup=CEY	2 of these are offered, Levels 2 and 3 are also affered	Robotics w/Scratch Level 1	Utah	N/A	Robotics	Scratch	$79	10,11,12	Half, 5	U
http://www.howgirlscode.com/summercamp/		HowGirlsCode	Maryland	Women	Robotics	Scratch, LEGO	$225 per session	8,9,10,11	5	Y
http://challengecamps.com/afternoon-challenge/		Lego WeDo Robotics Academy	New York	N/A	Robotics	Unknown	4 week half - $1350. 4 week full - $2700, 3 week half- $1100, 3 week full- $2200	unknown	20, 50	N
http://gtcomputingoutreach.org/summerCamp.html#anim		Animatronics	Georgia	N/A	Robotics	Unknown	$450 with $50 high school student discount	8,9,10,11,12,13,14,15,16,17	Overnight, 7	N
http://gtcomputingoutreach.org/summerCamp.html#robot		Robotics	Georgia	N/A	Robotics	Unknown	$400 with $50 high school student discount	8,9,10,11,12,13,14,15,16,17	Overnight, 7	N
http://gtcomputingoutreach.org/summerCamp.html#web	Also in Lit Review	Robotics	Georgia	N/A	Robotics	Unknown	$400 or $350 (HS)	5,6,7,8,9,10,11,12	5	N
http://gtcomputingoutreach.org/summerCamp.html#web	Also in Lit Review	Animatronics	Georgia	N/A	Robotics	Unknown	$450 or $400 (HS)	5,6,7,8,9,10,11,12	5	N
http://i2camp.org/explore-camp-courses/		Building an Interactive, Friendly Monster	Massachusetts, New York, California, Connecticut, New Jersey	N/A	Robotics	Unknown	$850	10,11,12,13	Full, 5	U
http://www.ctd.northwestern.edu/program/apogee	Apogee camp hosted by Northwestern University	DIY Robotics 	Illinois	N/A	Robotics	Unknown	$3,715	9,10,11	15	U
http://www.fairmontsummerprograms.com/junior_high_programs.html		Robotics: FUNdamentals	California	N/A	Robotics	Unknown	$230	10,11,12,13	4	U
http://www.mazemakers.com/activities.html		Mazemaker camp	Massachusetts	N/A	Robotics	Unknown	$2,800	7,8,9,10,11,12,13	15	U
http://www.oxbridgeprograms.com/	The Oxford Prep Experience	Robotics	United Kingdom	N/A	Robotics	Unknown	$7,995	13,14	20	Y
http://www.sanjac.edu/node/1919586	San Jacinto College	Water-Bots (Beginner)	Texas	N/A	Robotics	Unknown	$180	12,13,14,15	Full, 3	U
http://www.sanjac.edu/node/1919591	San Jacinto College	Water-Bots (Intermediate)	Texas	N/A	Robotics	Unknown	$190	12,13,14,15,16	Full, 3	U
http://www.sanjac.edu/node/415166	San Jacinto College	Bashem Bots Using Legos	Texas	N/A	Robotics	Unknown	$160	7,8, 9,10,11,12	Half, 5	U
http://www.sanjac.edu/node/415176	San Jacinto College	Water-Bots (Advanced)	Texas	N/A	Robotics	Unknown	$245	12,13,14,15,16	Full, 4	U
http://www.sanjac.edu/node/4797001	San Jacinto College	Drone Drops	Texas	N/A	Robotics	Unknown	$155	12,13,14,15,16	2	U
http://www.tetonscience.org/field-education/summer-academy	Journeys School Summer Innovation Academy	Robotics II	Wyoming	N/A	Robotics	Unknown	$210	11,12,13	5	N
http://www.tetonscience.org/field-education/summer-academy	Journeys School Summer Innovation Academy	Microbots II	Wyoming	N/A	Robotics	Unknown	$210	11,12,13	Unknown	U
http://www.tetonscience.org/field-education/summer-academy	Journeys School Summer Innovation Academy	Microbots I	Wyoming	N/A	Robotics	Unknown	$210	8,9,10,11,12,13	Unknown	U
http://www.thesciencezone.org/2016-summer-camps.html		Lego!	Wyoming	N/A	Robotics	Unknown	$110	5,6,7,8,9,10,11,12,13,14,15	Half, 5	U
https://summerinstitutes.stanford.edu/courses/high-school/Computer-Science#department-803	Standford Summer Institute Camp	Robot Programming	California	N/A	Robotics	Unknown	$6,300	15,16	15	Y
https://summerinstitutes.stanford.edu/courses/high-school/Computer-Science#department-803	Standford Summer Institute Camp	Introduction to Programming with Robotics	California	N/A	Robotics	Unknown	$6,300	13,14	15	Y
https://www.tacc.utexas.edu/education/stem-programs/code-at-tacc		CODE @ TACC	Texas	N/A	Robotics	Unknown	Free 	15,16	12	Y
https://www.visiontechcamps.com/adventures-robotics-camp		Adventures in LEGO Robotics	Indiana, California	N/A	Robotics	Unknown	$829	7,8,9,10	5	N
http://botclub.brazosrobotics.org/botclub-summer-camp/		Robot Programming	Texas	N/A	Robotics	VEX	$80	12,13,14,15,16,17	Half, 25	U
http://camps.mainerobotics.org/vex-robotics-camp.html	Maine Robotics Camp Program	VEX Robotics Camp	Maine	N/A	Robotics	VEX	$300	12,13,14,15,16	Full, 5	U
http://services.santabarbaraca.gov/summerfun/educraft.html	Educraft Camp	Robot Olymics Camp	California	N/A	Robotics	VEX	$204	10,11,12,13,14	Half, 5	U
http://services.santabarbaraca.gov/summerfun/educraft.html	Educraft Camp	Resuce robots	California	N/A	Robotics	VEX	$204	10,11,12,13,14	Half, 5	U
https://www.einsteinsworkshop.com/component/eventbooking/summer-camps/vex-iq-robotics-summer		Robotics with VEX IQ	Massachusettes	N/A	Robotics	VEX	$350	9,10,11,12,13	Half, 5	U
http://www.ctd.northwestern.edu/program/spectrum	Spectrum camp hosted by Northwestern University	Robotics Honors: Vex® the Competition	Illinois	N/A	Robotics	VEX EDR	$3,715	12,13	15	U
https://technologycouncil.com/we-build-tech/2016-we-build-tech-summer-camps/	Nashville Technology Council	Vex Robotics Camps	Tennesee	N/A	Robotics	VEX, C, LEGO	$300	11,12,13,14,15,16,17	5	U
http://www.stormingrobots.com/prod/SummerCoursePages/Robotic%20Quadruped%20with%20VEX-IQ.html	Storming Robots Camp	Robotics Quadruped with Vex-IQ	New Jersey	N/A	Robotics	VEX, LEGO	$525	12,13,14,15,16	5	U
http://www.austintheatre.org/roboarts/		roboARTS Camp	Texas	N/A	Robotics, Art	Unknown	$600	8,9,10,11,12,13	Full, 10	U
http://www.smu.edu/CAPE/SummerYouth	SMU Continuing And Professional Education (CAPE)	LEGO Games	Texas	N/A	Robotics, Game Design	Unknown	$199	11,12,13	Half, 5	U
http://viterbi.usc.edu/k-12/a-summary-of-k-12-education-and-outreach-programs-at-viterbi.htm		Robotics & Coding Academy	California	N/A	Robotics, Programming	Unknown	free	10,11,12,13	5	U
https://www.educationunlimited.com/camp/15/computer-camp.html		Education Unlimited	California	N/A	Web Design	HTML, CSS	$1,545.00d ay camper, $2,135.00 overnight	11,12,13	5	Y
https://www.educationunlimited.com/camp/15/computer-camp.html		Education Unlimited	California	N/A	Web Design	HTML, CSS	$1,545.00d ay camper, $2,135.00 overnight	11,12,13	5	Y
camps.cs.washington.edu/		Web Design	Washington	N/A	Web Design	HTML, Java	$220	12,13,14	5	Y
http://gtcomputingoutreach.org/summerCamp.html#web		Web Design	Georgia	N/A	Web Design	Unknown	$375 with $50 high school student discount	8,9,10,11,12,13,14,15,16,17	Overnight, 7	N
http://caj.hrsb.ca/caj/news/2016/04/01/coding-camp-summer-2016 		Coding Girls	Canada	Women	Web Design, App Dev, Minecraft	Scratch, App Inventor, HTML	$189-229	9,10,11,12,13,14	5	N
http://www.techsmartkids.com/FullStackWebDevCamp		full stack web dev camp	Washington	N/A	Web Dev	HTML, CSS, JavaScript Bootstrap, Python	$1,825	10,11,12,13,14	10	U
http://www.techsmartkids.com/FrontendWebDevCamp		front end web dev camp	Washington	N/A	Web Dev	HTML, CSS, Javascript, Bootstrap	$1,825	7,8,9,10,11,12,13,14,15,16	10	U
http://www.ctd.northwestern.edu/program/spectrum	Spectrum camp	HTML & CSS Honors	Illinois	N/A	Web Dev	HTML, CSS	$3,715	12,13	15	U
https://technologycouncil.com/we-build-tech/2016-we-build-tech-summer-camps/	Nashville Technology Council	Building Web Pages Camps	Tennessee	N/A	Web Dev	HTML, CSS, Java Script	$200	11,12,13,14,15,16,17	5	U
http://www.codecraftlab.org/product/web-lets-make-cool-web-stuff/	Florida Institute of Technology assoicated	We ARE the Web, Lets Make Cool Web Stuff	Florida	N/A	Web Dev	HTML, CSS, JavaScript	$200	9,10,11,12,13,14	4	U
http://www.ctd.northwestern.edu/program/apogee	Apogee camp hosted by Northwestern University	Web Design: Introduction to HTML & CSS	Illinois	N/A	Web Dev	HTML, CSS, JavaScript	$3,715	9,10,11	15	U
http://www.techsmartkids.com/BackendWebDevCamp		backend web dev camp	Washington	N/A	Web Dev	HTML, CSS, JavaScript Bootstrap, Python	$1,825	10,11,12,13,14	10	U
http://www.summertech.net/courses/		Web	New York	N/A	Web Dev	HTML, CSS, JavaScript, PHP, MySQL	$1225/ $1800 for overnight)	8,9,10,11,12,13,14,15,16,17	Overnight, Full, 6	U
http://www.smu.edu/CAPE/SummerYouth	SMU Continuing And Professional Education (CAPE)	Code Breakers	Texas	N/A	Web Dev	HTML, JavaScript, CSS	$199	11,12,13	Half, 5	U
https://www.codingwithkids.com/#!/camp?tab=3		web development	Washington	N/A	Web Dev	Javascript, CSS, HTML	$279	10,11,12,13,14,15,16	5	U
http://cscamp.cs.uri.edu/index.php	University of Rhode Island camp	Web Design and Development	Rhode Island	N/A	Web Dev	Javascript, CSS, PHP	$300	8,9,10	5	U
http://gtcomputingoutreach.org/summerCamp.html#web	Also in Lit Review	Web Design 	Georgia	N/A	Web Dev	Unknown	$375 (MS) $325 (HS)	5,6,7,8,9,10,11,12	4	U
http://hanalschool.wix.com/summer#!stem/csgz		Web Design	New Jersey	N/A	Web Dev	Unknown	unknown	10,11,12,13,14,15	Half, 5	U
http://www.mazemakers.com/activities.html		Mazemaker camp	Massachusetts	N/A	Web Dev	Unknown	$2,800	7,8,9,10,11,12,13	20	U
https://www.stemforkids.net/		STEM for Kids	North Carolina, Wisconsin, Washington, Texas	N/A	Web Dev	Unknown	Unknown	11,12,13,14,15,16,17	5	U
https://summerinstitutes.stanford.edu/courses/high-school/Computer-Science#department-803	Standford Summer Institute Camp	Web Technologies	California	N/A	Web Development	Unknown	$6,300	15,16	15	Y
http://www.imaginethatfun.com/camp_summer_robots.html	Imagine That!	Robotics and Programming	Georgia	N/A	Robotics, Programming	LEGO	$275	11,12,13,14	4	unknown
http://www.imaginethatfun.com/camp_summer_Minecraft.html	Imagine That!	Minecraft, Programming, and Logic	Georgia	N/A	Programming, Minecraft	Lua	$320	11,12,13,14	4	unknown
https://inhouse.unt.edu/summer-programs-offer-learning-and-fun-kids-all-ages		UNT Summer Camp	Texas	N/A	Game Design, App Dev	Unknown	$0	12,13,14,15,16,17	5	no
https://news.boisestate.edu/update/2016/03/11/boise-state-announce-summer-camps-kids-ages/		e-camp	Idaho	N/A	Programming	Unknown	$250	13,14,15	3	
https://roboticscamp.hsv-k12.org/		5th Annual Summer Engineering Camp (SEC) 4 Robotics	Alabama	N/A	Robotics	LEGO	$0	10,11,12,13	Full, 5	N/A
http://www.rhfleet.org/events/summer-camps		Robotics Garage	California	N/A	Robotics	LEGO	$325	12,13	Half, 5	Unknown
http://engineeringforkids.com/location/mpls/summerbycamp	Engineering For Kids	Racing Games	Minnesota, Washington, Oregon, California, Nevada, Arizona, New Mexico, Colorado, Kansas, Texas, Arkansas, Missouri, Minnesota, Wisconsin, Illinois, Indiana, Kentucky, Tennesse, Alabama, Georgia, South Carolina, North Carolina, Florida, Virginia, District of Columbia, Maryland, New Jersey, Connecticut, Massachussetts, New York, Pennsylvania	N/A	Game Design	Kodu	$140	11,12,13,14	Half, 4	Y
http://engineeringforkids.com/location/mpls/summerbycamp	Engineering For Kids	Invader Defense games	Minnesota, Washington, Oregon, California, Nevada, Arizona, New Mexico, Colorado, Kansas, Texas, Arkansas, Missouri, Minnesota, Wisconsin, Illinois, Indiana, Kentucky, Tennesse, Alabama, Georgia, South Carolina, North Carolina, Florida, Virginia, District of Columbia, Maryland, New Jersey, Connecticut, Massachussetts, New York, Pennsylvania	N/A	Game Design	Clickteam Fusion 2.5	$140	11,12,13,14	Half, 4	Y
http://engineeringforkids.com/location/mpls/summerbycamp	Engineering For Kids	Platform Games	Minnesota, Washington, Oregon, California, Nevada, Arizona, New Mexico, Colorado, Kansas, Texas, Arkansas, Missouri, Minnesota, Wisconsin, Illinois, Indiana, Kentucky, Tennesse, Alabama, Georgia, South Carolina, North Carolina, Florida, Virginia, District of Columbia, Maryland, New Jersey, Connecticut, Massachussetts, New York, Pennsylvania	N/A	Game Design	Clickteam Fusion 2.6	$140	11,12,13,14	Half, 4	Y
http://engineeringforkids.com/location/mpls/summerbycamp	Engineering For Kids	Tower Defense Games	Minnesota, Washington, Oregon, California, Nevada, Arizona, New Mexico, Colorado, Kansas, Texas, Arkansas, Missouri, Minnesota, Wisconsin, Illinois, Indiana, Kentucky, Tennesse, Alabama, Georgia, South Carolina, North Carolina, Florida, Virginia, District of Columbia, Maryland, New Jersey, Connecticut, Massachussetts, New York, Pennsylvania	N/A	Game Design	Clickteam Fusion 2	$140	11,12,13,14	Half, 4	Y
http://engineeringforkids.com/location/mpls/summerbycamp	Engineering For Kids	Rescue Robots	Minnesota, Washington, Oregon, California, Nevada, Arizona, New Mexico, Colorado, Kansas, Texas, Arkansas, Missouri, Minnesota, Wisconsin, Illinois, Indiana, Kentucky, Tennesse, Alabama, Georgia, South Carolina, North Carolina, Florida, Virginia, District of Columbia, Maryland, New Jersey, Connecticut, Massachussetts, New York, Pennsylvania	N/A	Robotics	LEGO	$140	11,12,13,14	Half, 4	Y
http://engineeringforkids.com/location/mpls/summerbycamp	Engineering For Kids	Robotic Olympics	Minnesota, Washington, Oregon, California, Nevada, Arizona, New Mexico, Colorado, Kansas, Texas, Arkansas, Missouri, Minnesota, Wisconsin, Illinois, Indiana, Kentucky, Tennesse, Alabama, Georgia, South Carolina, North Carolina, Florida, Virginia, District of Columbia, Maryland, New Jersey, Connecticut, Massachussetts, New York, Pennsylvania	N/A	Robotics	LEGO	$140	11,12,13,14	Half, 4	Y
http://engineeringforkids.com/location/mpls/summerbycamp	Engineering For Kids	Robot Surgeons	Minnesota, Washington, Oregon, California, Nevada, Arizona, New Mexico, Colorado, Kansas, Texas, Arkansas, Missouri, Minnesota, Wisconsin, Illinois, Indiana, Kentucky, Tennesse, Alabama, Georgia, South Carolina, North Carolina, Florida, Virginia, District of Columbia, Maryland, New Jersey, Connecticut, Massachussetts, New York, Pennsylvania	N/A	Robotics	LEGO	$140	11,12,13,14	Half, 5	Y
http://engineeringforkids.com/location/mpls/summerbycamp	Engineering For Kids	Robo Battles	Minnesota, Washington, Oregon, California, Nevada, Arizona, New Mexico, Colorado, Kansas, Texas, Arkansas, Missouri, Minnesota, Wisconsin, Illinois, Indiana, Kentucky, Tennesse, Alabama, Georgia, South Carolina, North Carolina, Florida, Virginia, District of Columbia, Maryland, New Jersey, Connecticut, Massachussetts, New York, Pennsylvania	N/A	Robotics	LEGO	$140	11,12,13,14	Half, 4	Y
http://engineeringforkids.com/location/mpls/summerbycamp	Engineering For Kids	Ocean Missions	Minnesota, Washington, Oregon, California, Nevada, Arizona, New Mexico, Colorado, Kansas, Texas, Arkansas, Missouri, Minnesota, Wisconsin, Illinois, Indiana, Kentucky, Tennesse, Alabama, Georgia, South Carolina, North Carolina, Florida, Virginia, District of Columbia, Maryland, New Jersey, Connecticut, Massachussetts, New York, Pennsylvania	N/A	Robotics	LEGO	$140	11,12,13,14	Half, 4	Y
http://engineeringforkids.com/location/mpls/summerbycamp	Engineering For Kids	Mission to Mars	Minnesota, Washington, Oregon, California, Nevada, Arizona, New Mexico, Colorado, Kansas, Texas, Arkansas, Missouri, Minnesota, Wisconsin, Illinois, Indiana, Kentucky, Tennesse, Alabama, Georgia, South Carolina, North Carolina, Florida, Virginia, District of Columbia, Maryland, New Jersey, Connecticut, Massachussetts, New York, Pennsylvania	N/A	Robotics	LEGO	$140	11,12,13,14	Half, 4	Y
http://engineeringforkids.com/location/mpls/summerbycamp	Engineering For Kids	Envirobots	Minnesota, Washington, Oregon, California, Nevada, Arizona, New Mexico, Colorado, Kansas, Texas, Arkansas, Missouri, Minnesota, Wisconsin, Illinois, Indiana, Kentucky, Tennesse, Alabama, Georgia, South Carolina, North Carolina, Florida, Virginia, District of Columbia, Maryland, New Jersey, Connecticut, Massachussetts, New York, Pennsylvania	N/A	Robotics	LEGO	$140	11,12,13,14	Half, 4	Y
http://engineeringforkids.com/location/mpls/summerbycamp	Engineering For Kids	Da'Vinci's Designs	Minnesota, Washington, Oregon, California, Nevada, Arizona, New Mexico, Colorado, Kansas, Texas, Arkansas, Missouri, Minnesota, Wisconsin, Illinois, Indiana, Kentucky, Tennesse, Alabama, Georgia, South Carolina, North Carolina, Florida, Virginia, District of Columbia, Maryland, New Jersey, Connecticut, Massachussetts, New York, Pennsylvania	N/A	Robotics	LEGO	$140	11,12,13,14	Half, 4	Y
http://engineeringforkids.com/location/mpls/summerbycamp	Engineering For Kids	Robotics 101	Minnesota, Washington, Oregon, California, Nevada, Arizona, New Mexico, Colorado, Kansas, Texas, Arkansas, Missouri, Minnesota, Wisconsin, Illinois, Indiana, Kentucky, Tennesse, Alabama, Georgia, South Carolina, North Carolina, Florida, Virginia, District of Columbia, Maryland, New Jersey, Connecticut, Massachussetts, New York, Pennsylvania	N/A	Robotics	LEGO	$140	11,12,13,14	Half, 4	Y
http://engineeringforkids.com/location/mpls/summerbycamp	Engineering For Kids	MinecraftEDU: Medieval Redstone	Minneota 	N/A	Minecraft	Minecraft	$140	8,9,10,11	Half, 4	Y
http://engineeringforkids.com/location/mpls/summerbycamp	Engineering For Kids	MinecraftEDU: Traveling into the Future	Minnesota 	N/A	Minecraft	Minecraft	$140	8,9,10,11	Half, 4	Y
http://www.hands-on-mobile.com/#!camp-sessions/mcpgn		Mobile Tech 100: Introduction to Coding & Circuits	California	N/A	Programming	Unknown	$850	8,9,10,11	Full, 10	Unknown
http://www.hands-on-mobile.com/#!camp-sessions/mcpgn		Mobile Tech 200: Intermediate Coding & Circuits	California	N/A	Programming	Unknown	$900	8,9,10,11	Full, 10	Unknown
http://www.hands-on-mobile.com/#!camp-sessions/mcpgn		Mobile Tech 300: Advanced Mobile Technology	California	N/A	App Dev	Unknown	$900	8,9,10,11	Full, 10	Unknown
http://www.thoughtstem.com/home/programs/reuben-h-fleet-science-center		Summer Camps at Reuben H. Fleet Science Center	California	N/A	MInecraft	Minecraft	$325	8,9,10,11,12,13	Half, 5	Unknown
brown.edu/academics/pre-college/spark/		Brown University Pre-College Program	Rhode Island	N/A	Robotics	LEGO, C	$4,086	11,12,13,14,15,16,17	Half, 10	Y
ceo.umich.edu/summer.html	couldn't find much information about this one	Girls in Science and Engineering (GISE)	Michigan	Women	Programming	Unknown		12,13	5	U
http://www.cherrycreekschools.org/STEM/STEM%20Summer%20Camp%20Opportunities/STEM%20Summer%20Camp%20Opportunities%202015%20for%20Middle%20and%20High%20School%20Students%20.pdf		A Week of Geek	Colorado	N/A	programming, Art, Robotics, Minecraft	Unknown	$695	9,10,11,12,13,14	5	U
http://www.cherrycreekschools.org/STEM/STEM%20Summer%20Camp%20Opportunities/STEM%20Summer%20Camp%20Opportunities%202015%20for%20Middle%20and%20High%20School%20Students%20.pdf		All About the Bots	Colorado	N/A	Robotics	LEGO	$695	10,11,12,13,14,15,16	5	U
http://www.cherrycreekschools.org/STEM/STEM%20Summer%20Camp%20Opportunities/STEM%20Summer%20Camp%20Opportunities%202015%20for%20Middle%20and%20High%20School%20Students%20.pdf		Code like a BOSS!	Colorado	N/A	programming, Web dev	Java, Python, Minecraft	Unknown	10,11,12,13,14,15,16	5	U
http://www.cherrycreekschools.org/STEM/STEM%20Summer%20Camp%20Opportunities/STEM%20Summer%20Camp%20Opportunities%202015%20for%20Middle%20and%20High%20School%20Students%20.pdf		Mod Like a Modder	Colorado	N/A	Minecraft	Java	Unknown	10,11,12,13,14,15,16	5	U
http://www2.montgomerycollege.edu/departments/wdce/youthpdf/ysummer2016.pdf		Computer Programming 1	Maryland	N/A	Programming	Scratch	$460	11,12,13	10	U
http://www2.montgomerycollege.edu/departments/wdce/youthpdf/ysummer2016.pdf		Computer Programming 2	Maryland	N/A	Programming	Virtual Basic	$480	11,12,13	10	U
http://www2.montgomerycollege.edu/departments/wdce/youthpdf/ysummer2016.pdf		GURL Power	Maryland	Women	Web Dev	Adobe	$480	11,12,13	10	U
http://www2.montgomerycollege.edu/departments/wdce/youthpdf/ysummer2016.pdf		G2: Girl Gamers Club	Maryland	Women	Game Design	Unknown	$195	8,9,10	4	U
dunwoody.edu/blog/2015/computer-technology-department-hosts-summer-arts-n-crafts-robots-and-computing-camp/		SUMMER ARTS-N-CRAFTS, ROBOTS AND COMPUTING CAMP	Minnesota	N/A	Game Design, App Dev, Art	Scratch, App Inventor, LEGO	Unknown	10,11,12,13	Unknown	U
http://engineering.missouri.edu/lego/7th-9th-grade/		LEGO Camp	Missouri	N/A	Robotics	LEGO	$300	12,13,14	3	U
govcs.net/summer_reg/#7th		Robotics Camp - Beginner	California	Christians	Robotics	LEGO	$450	8,9,10,11,12,13,14	Full, 5	U
govcs.net/summer_reg/#7th		Robotics Camp - Intermediate and Advanced	California	Chiristians	Robotics	LEGO	$875	9,10,11,12,13,14	Full, 5	U
ceismc.gatech.edu/studentprograms/summer-peaks_programs/middle		LearnToMod: Adventures in Minecraft Modding	Georgia	N/A	Minecraft	Blockly	$410	12,13,14	Full, 5	Y
http://registration.conference.gatech.edu/DocumentStore/ceismc/MiddleDescriptions.pdf		MS Make Wonder: Learn to Code with Dash & Dot	Georgia	N/A	Programming	Dash & Dot	$410	12,13,14	Full, 5	Y
http://registration.conference.gatech.edu/DocumentStore/ceismc/MiddleDescriptions.pdf		LEGO Mindstorms	Georgia	N/A	Robotics	LEGO	$410	12,13,14	Full, 5	Y
http://registration.conference.gatech.edu/DocumentStore/ceismc/MiddleDescriptions.pdf		MS App and Game Academy	Georgia	N/A	App Dev, Game Design	HTML	$410	12,13,14	Full, 5	Y
https://www.mtholyoke.edu/professional-graduate/courses/idesign		iDesign Workshop for Middle School Girls	Massachusetts	Women	Art	Arduino	$550	11,12,13	Full, 5	U
http://pathwaystoscience.org/programhub.aspx?sort=K12-GuilfordCollege-Programming4Girls		Programming4Girls	North Carolina	Women	Programming	Alice	Unknown	11,12,13,14	10	U
sbunified.org/.../santa-barbara-high-cs-academy-students-offer-su...		Summer Coding Camp	California	N/A	Programming	Scratch	$125	12,13,14	Half, 5	U
https://www.girlsgodigital.org/camp-info/		Girls Go Digital	Utah	Women	Programming, Circuitry, Art, Robotics 	Blockly, Javascript, Python, Arduino, Processing	$295	11,12,13	Full, 4	U
http://www.westfield.ma.edu/cfk/wp-content/uploads/2012/12/CollegeforKidsBrochure2016.pdf		Kids Coding	Massachusetts	N/A	App Dev, Game Design	Unknown	$130	10,11,12,13,14	Half, 5	U
https://continue.weber.edu/summer-camps/	Weber summer camp	Computer Storytelling	Utah	N/A	Art	Unknown	$145	12,13,14	Half, 4	N
https://continue.weber.edu/summer-camps/	Weber summer camp	Computer Game Design	Utah	N/A	Game Design	Unknown	$145	8,9,10,11	Half, 4	N
http://www.thesciencezone.org/uploads/1/0/7/2/10722737/summer_camps_2016.pdf	The Science Zone	Lego!	Wyoming	N/A	Robotics, Programming	LEGO	$110	5,6,7,8,9,10,11,12,13,14	Half, 3	Y
http://www.thesciencezone.org/uploads/1/0/7/2/10722737/summer_camps_2016.pdf	The Science Zone	DIY Computer Game	Wyoming	N/A	Game Design	Scratch	$180	9,10,11,12,13,14	Half, 5	Y
http://www.summer-camp.uw.edu/all-day/middle-school/circuits.asp	University of Washington	Introduction to Circuitry	Washington	Women	Other (circuitry)	Arduino	$515	11,12,13,14	Full, 5	Y
https://projectfun.digipen.edu/summer-programs/junior-workshops		JUNIOR 2D GAME DEVELOPMENT	Washington	N/A	Game Design	Unknown	$1,449	9,10,11,12	Full, 10	U
https://projectfun.digipen.edu/summer-programs/junior-workshops		JUNIOR 3D GAME DEVELOPMENT	Washington	N/A	Game Design	Unknown	$1,449	9,10,11,12	Full, 10	U
https://projectfun.digipen.edu/summer-programs/junior-workshops		JUNIOR PROGRAMMING LEVEL 1	Washington	N/A	Programming	Java	$1,449	9,10,11,12	Full, 10	U
https://projectfun.digipen.edu/summer-programs/junior-workshops		JUNIOR PROGRAMMING LEVEL 2	Washington	N/A	Programming	Java	$1,449	9,10,11,12	Full, 10	U
https://projectfun.digipen.edu/summer-programs/junior-workshops		JUNIOR ROBOTICS LEVEL 1	Washington	N/A	Robotics	Unknown	$1,449	9,10,11,12	Full, 10	U
https://projectfun.digipen.edu/summer-programs/junior-workshops		JUNIOR ROBOTICS LEVEL 2	Washington	N/A	Robotics	Unknown	$1,449	9,10,11,12	Full, 10	U
https://edwardscampus.ku.edu/summer-camps-ku-edwards-campus	Kansas Univesity	Design Storm	Kansas	N/A	Robotics	Unknown	$175	11,12,13,14	Half, 5	N
http://techventurekids.org		Intro to Coding Games and Animations	Washington	N/A	Game Design	Scratch	$291	10,11,12,13,14	Half, 5	U
http://techventurekids.org		Learn to Code with Minecraft	Washington	N/A	Minecraft	Minecraft	$291	10,11,12,13,14	Half, 5	U
http://techventurekids.org		Intro to Engineering with Minecraft	Washington	N/A	Minecraft	Minecraft	$291	10,11,12,13,14	Half, 5	U
http://techventurekids.org		Create your own Website	Washington	N/A	Web Dev	C++	$291	10,11,12,13,14	Half, 5	U
http://techventurekids.org		Learn to Code with Python	Washington	N/A	Programming	Python	$291	10,11,12,13,14	Half, 5	U
http://www.landon.net/page.cfm?p=4403	Landon Summer	Robotics	Maryland	N/A	Robotics	LEGO	$340	10,11,12,13	Full, 5	U
http://www.landon.net/page.cfm?p=5104	Landon Summer	Coding and 3D Printing	Maryland	N/A	Programming, 3D Printing	HTML, CSS, Python, JavaScript	$375	10,11,12,13	Full, 5	U
http://www.landon.net/page.cfm?p=6027	Landon Summer	3-D Character Animation	Maryland	N/A	Minecraft	Minecraft	$450	8,9,10,11,12,13	Full, 5	U
http://www.landon.net/page.cfm?p=6027	Landon Summer	Mod Design	Maryland	N/A	Minecraft	Java	$450	8,9,10,11,12,13	Full, 5	U
http://www.landon.net/page.cfm?p=6027	Landon Summer	Server Design	Maryland	N/A	Minecraft	Java	$450	8,9,10,11,12,13	Full, 5	U
http://www.landon.net/page.cfm?p=6027	Landon Summer	3-D Game Design	Maryland	N/A	Game Design	OWL Game Creator	$450	8,9,10,11,12,13	Full, 5	U
https://embed.snapology.com/licensee/2/events/9586	Snapology	Game Design	Maryland	N/A	Game Design	Unknown	$95	10,11,12,13,14	Half, 1	U
https://embed.snapology.com/licensee/2/events/9585	Snapology	Video Game Design	Maryland	N/A	Game Design	Unknown	$135	10,11,12,13,14	Half, 5	U
https://frederick.snapology.com/schedule/	Snapology	Adventures with Star Wars	Maryland	N/A	Robotics	LEGO	$109	5,6,7,8,9,10,11,12,13,14	Half, 5	U
https://frederick.snapology.com/schedule/	Snapology	Space Wars Robotics Summer at Talley	Maryland	N/A	Robotics	LEGO	$135	7,8,9,10,11,12,13,14	Half, 5	U
https://frederick.snapology.com/schedule/	Snapology	Snapology's Minecraft 1 & 2 Summer at Talley	Maryland	N/A	Minecraft, Robotics	Minecraft, LEGO	$119	5,6,7,8,9,10,11,12,13,14	Half, 5	U
http://www.howardcc.edu/programs-courses/continuing-education/courses/kids-on-campus/pages/middle-school.html	Howard Community College	Advanced Robotics with NXT	Maryland	N/A	Robotics	LEGO	$215	11,12,13,14	Half, 5	U
http://www.howardcc.edu/programs-courses/continuing-education/courses/kids-on-campus/pages/middle-school.html	Howard Community College	App Adventures: The Next Level!	Maryland	N/A	App Dev	Unknown	$194	11,12,13,14	Half, 4	U
http://www.howardcc.edu/programs-courses/continuing-education/courses/kids-on-campus/pages/middle-school.html	Howard Community College	App Attack! Make Your First Game App	Maryland	N/A	App Dev	Unknown	$225	11,12,13,14	Half, 5	U
http://www.howardcc.edu/programs-courses/continuing-education/courses/kids-on-campus/pages/middle-school.html	Howard Community College	Creative Design and Robotics	Maryland	N/A	Robotics	Unknown	$225	11,12,13,14	Half, 5	U
http://www.howardcc.edu/programs-courses/continuing-education/courses/kids-on-campus/pages/middle-school.html	Howard Community College	Intermediate Engineering and Robotics	Maryland	N/A	Robotics	Unknown	$215	11,12,13,14	Half, 5	U
http://www.howardcc.edu/programs-courses/continuing-education/courses/kids-on-campus/pages/middle-school.html	Howard Community College	LEGO Video Games	Maryland	N/A	Game Design	Unknown	$225	11,12,13,14	Half, 5	U
http://www.howardcc.edu/programs-courses/continuing-education/courses/kids-on-campus/pages/middle-school.html	Howard Community College	Make Your First 3-D Video Game	Maryland	N/A	Game Design	Unknown	$225	11,12,13,14	Half, 5	U
http://www.howardcc.edu/programs-courses/continuing-education/courses/kids-on-campus/pages/middle-school.html	Howard Community College	Minecraft Animators	Maryland	N/A	Minecraft	Minecraft	$225	11,12,13,14	Half, 5	U
http://www.howardcc.edu/programs-courses/continuing-education/courses/kids-on-campus/pages/middle-school.html	Howard Community College	Minecraft Designers	Maryland	N/A	Minecraft	Minecraft	$225	11,12,13,14	Half, 5	U
http://www.parkschool.net/camps/detail/additional-summer-programs/	Park Camps	Video Game Creation - Arcade Style 	Maryland	N/A	Game Design	Unknown	$335	8,9,10,11,12,13,14,15,16	Half, 5	U
http://www.parkschool.net/camps/detail/additional-summer-programs/	Park Camps	Video Game Creation - Platform Style	Maryland	N/A	Game Design	Unknown	$335	8,9,10,11,12,13,14,15,16	Half, 5	U
http://www.parkschool.net/camps/detail/additional-summer-programs/	Park Camps	Kodu Video Game Creation - Go-Kart Style	Maryland	N/A	Game Design	Unknown	$335	7,8,9,10,11,12,13,14,15,16	Half, 5	U
http://www.parkschool.net/camps/detail/additional-summer-programs/	Park Camps	Kodu Video Game Creation - Adventure Style	Maryland	N/A	Game Design	Unknown	$335	7,8,9,10,11,12,13,14,15,16	Half, 5	U
http://www.parkschool.net/camps/detail/additional-summer-programs/	Park Camps	Modding, Networking, and Hosting with Minecraft	Maryland	N/A	Game Design	Unknown	$335	8,9,10,11,12,13	Half, 5	U
http://www.parkschool.net/camps/detail/additional-summer-programs/	Park Camps	Video Game Creation - 3D Concepts	Maryland	N/A	Game Design	Unknown	$335	9,10,11,12,13,14,15,16	Half, 5	U
http://brochures.lerntools.com/pdf_view.cfm?id=3614	Community College of Baltimore County	LEGO L'NEX Garage	Maryland	N/A	Robotics	LEGO	$199	11,12,13,14,15	Half, 5	U
http://brochures.lerntools.com/pdf_view.cfm?id=3614	Community College of Baltimore County	Resistors and Radios Circuits Introduction	Maryland	N/A	Circuitry	Unknown	$299	12,13,14,15	Half, 5	N
http://brochures.lerntools.com/pdf_view.cfm?id=3614	Community College of Baltimore County	Computer Animation: Introduction to Flash	Maryland	N/A	Art	Flash	$179	12,13,14,15,16	Half, 5	N
http://brochures.lerntools.com/pdf_view.cfm?id=3614	Community College of Baltimore County	All About Technology	Maryland	N/A	Circuitry	Unknown	$219	7,8,9,10,11	Half, 5	N
http://brochures.lerntools.com/pdf_view.cfm?id=3614	Community College of Baltimore County	Alice 3D Programming	Maryland	N/A	Art	Alice	$165	12,13,14	Half, 5	N
http://www.langleyschool.org/summer-studio/classes/minecraft-animators		Minecraft® Animators	Virginia	N/A	Minecraft	Minecraft	$230	8,9,10,11,12,13	Half, 5	U
http://www.ideassummercamps.com/minecraft-camp-ages-7-to-12/		Minecraft Camp	Maryland	N/A	Minecraft	Minecraft, JavaScript	$295	7,8,9,10,11,12	Full, 5	U
https://smithsonianassociates.org/camp/	Smithsonian	Advanced Video Game Design	District of Columbia	N/A	Game Design	Unknown	$460	11,12,13	Full, 5	U
http://cmse.umd.edu/k12/summer/lego		LEGO Robotics Camp	Maryland	Ehtnic Minorities	Robotics	LEGO	$75	10,11	Full, 5	Y